Наименование,Описание,Рубрики,Адрес,Комментарий к адресу,Почтовый индекс,Микрорайон,Район,Город,Округ,Регион,Страна,Часы работы,Часовой пояс,Рейтинг,Количество отзывов,Телефон 1,Телефон 2,Телефон 3,E-mail,Веб-сайт 1,Веб-сайт 2,Веб-сайт 3,Twitter,ВКонтакте,WhatsApp 1,WhatsApp 2,Viber 1,Viber 2,Telegram 1,Telegram 2,YouTube,Широта,Долгота,2GIS URL,Тип
Cofix,кофейня,Кофейни,"улица Дыбенко, 30",1 этаж,443045,,Советский район,Самара,Самара городской округ,Самарская область,Россия,Пн: 10:00-22:00; Вт: 10:00-22:00; Ср: 10:00-22:00; Чт: 10:00-22:00; Пт: 10:00-22:00; Сб: 10:00-22:00; Вс: 10:00-22:00,+04:00,3.4,30,,,,9002kosmoport@ru.cofix.store,http://cofix.global,,,,https://vk.com/cofixrussia,https://wa.me/79608292862,,,,https://t.me/cofix_russia,,,53.206833,50.198554,https://2gis.com/firm/70000001060977408,branch
Mosaic coffee&tea,,Кофейни; Продажа кофе; Продажа чая,"Фрунзе, 91",1 этаж; вход с ул. Фрунзе,443099,,Самарский район,Самара,Самара городской округ,Самарская область,Россия,Пн: 07:00-23:00; Вт: 07:00-23:00; Ср: 07:00-23:00; Чт: 07:00-23:00; Пт: 07:00-23:00; Сб: 07:00-23:00; Вс: 07:00-23:00,+04:00,4.9,142,89023208020,,,,http://свежаяобжарка.рф,,,,https://vk.com/mosaic.coffee,,,,,https://t.me/mosaic_coffee,,,53.187136,50.09136,https://2gis.com/firm/70000001077330664,branch
Ягоза,тревел-кафе,Кофейни; Кафе,"Фрунзе, 126",1 этаж,443010,,Ленинский район,Самара,Самара городской округ,Самарская область,Россия,Пн: 08:00-21:00; Вт: 08:00-21:00; Ср: 08:00-21:00; Чт: 08:00-21:00; Пт: 08:00-21:00; Сб: 08:00-21:00; Вс: 08:00-21:00,+04:00,4.8,108,89277251177,89270051155,,yagoza.travel-cafe@mail.ru,http://xn--80afnclqfewk9hxb.xn--p1ai/,,,,https://vk.com/turskazki_yagoza,https://wa.me/79270051155,,,,https://t.me/+79270051155,,,53.193233,50.094937,https://2gis.com/firm/70000001088944861,branch
Picture`s,фудхолл,Кофейни; Фудмоллы; Рестораны; Кафе; Бары,"улица Лесная, 23 к5",1 этаж,443110,,Октябрьский район,Самара,Самара городской округ,Самарская область,Россия,Пн: 09:00-23:00; Вт: 09:00-23:00; Ср: 09:00-23:00; Чт: 09:00-23:00; Пт: 09:00-02:00; Сб: 09:00-02:00; Вс: 09:00-23:00,+04:00,4.3,308,89370647377 (боулинг),89372097377,,,http://pictureshall.ru,,,,https://vk.com/pictures_smr,,,,,https://t.me/pictures_smr,,,53.212317,50.125064,https://2gis.com/firm/70000001066660382,branch
Биркин,кофейня-шоурум,Кофейни; Женская одежда; Мужская одежда,"Галактионовская, 68",1 этаж,443010,,Самарский район,Самара,Самара городской округ,Самарская область,Россия,Пн: 10:00-21:00; Вт: 10:00-21:00; Ср: 10:00-21:00; Чт: 10:00-21:00; Пт: 10:00-21:00; Сб: 10:00-21:00; Вс: 10:00-21:00,+04:00,5.0,7,89371897178,,,,http://t.me/birkin_amk,,,,,https://wa.me/79371897178,,,,,,,53.189942,50.100631,https://2gis.com/firm/70000001091466979,branch
Вкусная Компания,,Кофейни; Кафе; Доставка еды; Кондитерские изделия; Кейтеринг,"Садовая, 212Б",1 этаж,443001,,Ленинский район,Самара,Самара городской округ,Самарская область,Россия,Пн: 08:00-21:00; Вт: 08:00-21:00; Ср: 08:00-21:00; Чт: 08:00-21:00; Пт: 08:00-21:00; Сб: 08:30-21:00; Вс: 09:00-21:00,+04:00,4.4,142,89879552565,,,vkus_com@mail.ru,http://t.me/vkusnayakompania,http://vkus-com.ru/,http://vkuscom.2gis.biz,,https://vk.com/vkusnayakompania,https://wa.me/79879552565,,viber://chat/?number=79879552565,,https://t.me/glor25,,,53.199414,50.113783,https://2gis.com/firm/70000001041932716,branch
Капуч,кофейня,Кофейни,"3-я просека, 63",1 этаж,443011,,Октябрьский район,Самара,Самара городской округ,Самарская область,Россия,Пн: 08:00-20:00; Вт: 08:00-20:00; Ср: 08:00-20:00; Чт: 08:00-20:00; Пт: 08:00-20:00; Сб: 08:00-20:00; Вс: 08:00-20:00,+04:00,4.5,26,89608225288,,,,,,,,,https://wa.me/79608225288,,viber://chat/?number=79608225288,,https://t.me/+79608225288,,,53.232313,50.181305,https://2gis.com/firm/70000001064901279,branch
Cup-cup,кофе-бар,Кофейни; Продажа кофе; Безалкогольные напитки; Кондитерские изделия,"улица Чернореченская, 21",1 этаж,443030,,Железнодорожный район,Самара,Самара городской округ,Самарская область,Россия,Пн: 08:00-20:00; Вт: 08:00-20:00; Ср: 08:00-20:00; Чт: 08:00-20:00; Пт: 08:00-20:00,+04:00,4.2,25,89270000388 (единый номер),,,,http://cupcup.uds.app/c,,,,,,,,,,,,53.193876,50.132144,https://2gis.com/firm/70000001038002235,branch
Coffee Bean,кофейня,Кофейни; Продажа кофе; Кондитерские изделия,"Ленинградская улица, 2",1 этаж,443099,,Самарский район,Самара,Самара городской округ,Самарская область,Россия,Пн: 08:00-23:00; Вт: 08:00-23:00; Ср: 08:00-23:00; Чт: 08:00-23:00; Пт: 08:00-23:00; Сб: 08:00-23:00; Вс: 09:00-23:00,+04:00,4.5,337,88463333040,,,,http://www.coffeebean.ru,,,,https://vk.com/coffeebeanofficial,,,,,,,,53.189581,50.08352,https://2gis.com/firm/2533804071444819,branch
Green Stag,,Кофейни,"Московское шоссе, 120Б",,443090,,Промышленный район,Самара,Самара городской округ,Самарская область,Россия,Пн: 09:00-22:00; Вт: 09:00-22:00; Ср: 09:00-22:00; Чт: 09:00-22:00; Пт: 09:00-22:00; Сб: 09:00-22:00; Вс: 09:00-22:00,+04:00,4.6,80,89277135007,,,ilya_mail_first@rambler.ru,,,,,,https://wa.me/79277135007,,,,,,,53.229037,50.196717,https://2gis.com/firm/70000001045544771,branch
Coffee Bean,кофейня,Кофейни; Продажа кофе; Кондитерские изделия,"Молодогвардейская улица, 217",1 этаж,443100,,Ленинский район,Самара,Самара городской округ,Самарская область,Россия,Пн: 08:00-23:00; Вт: 08:00-23:00; Ср: 08:00-23:00; Чт: 08:00-23:00; Пт: 08:00-23:00; Сб: 08:00-23:00; Вс: 09:00-23:00,+04:00,3.9,76,88462027707,,,,http://coffeebean.ru/adresa/samara-sadovaya,http://taplink.cc/coffeebeansmr,,,https://vk.com/coffeebeansmr,,,,,,,,53.206672,50.121293,https://2gis.com/firm/70000001032971208,branch
Белая черешня,кафе-кондитерская,Кофейни; Кафе-кондитерские; Кафе; Доставка еды; Кулинарии,"Агибалова улица, 68",1 этаж,443041,,Железнодорожный район,Самара,Самара городской округ,Самарская область,Россия,Пн: 09:00-22:00; Вт: 09:00-22:00; Ср: 09:00-22:00; Чт: 09:00-22:00; Пт: 09:00-22:00; Сб: 09:00-22:00; Вс: 09:00-22:00,+04:00,4.6,165,88462075068,,,,http://t.me/whitecherry163,http://whitechery.ru,,,https://vk.com/whitecherry63,https://wa.me/79171686850,,,,,,,53.19127,50.120609,https://2gis.com/firm/70000001058836323,branch
Моменты сладости,кафе-кондитерская,Кофейни; Кафе-кондитерские; Кондитерские изделия,"улица Ново-Садовая, 5",1 этаж,443110,,Октябрьский район,Самара,Самара городской округ,Самарская область,Россия,Пн: 10:00-20:00; Вт: 10:00-20:00; Ср: 10:00-20:00; Чт: 10:00-20:00; Пт: 10:00-20:00; Сб: 10:00-20:00; Вс: 10:00-20:00,+04:00,5.0,28,89276008200,,,,,,,,https://vk.com/momenty_sladosti,https://wa.me/79276008200,,viber://chat/?number=79276008200,,,,,53.206406,50.127928,https://2gis.com/firm/70000001067950575,branch
Кэрри,кафе,Кофейни; Кафе-кондитерские,"улица Дыбенко, 30",2 этаж,443045,,Советский район,Самара,Самара городской округ,Самарская область,Россия,Пн: 10:00-22:00; Вт: 10:00-22:00; Ср: 10:00-22:00; Чт: 10:00-22:00; Пт: 10:00-22:00; Сб: 10:00-22:00; Вс: 10:00-22:00,+04:00,4.3,327,88462036006,,,,http://carriecafe.ru,,,,https://vk.com/carrie_cafe,,,,,https://t.me/carrie_cafe,,,53.207016,50.196217,https://2gis.com/firm/70000001027327015,branch
Комод,кофейня,Кофейни; Кондитерские изделия,"Галактионовская, 130",1 этаж,443001,,Ленинский район,Самара,Самара городской округ,Самарская область,Россия,Пн: 07:30-23:00; Вт: 07:30-23:00; Ср: 07:30-23:00; Чт: 07:30-23:00; Пт: 07:30-23:00; Сб: 08:00-23:00; Вс: 08:00-23:00,+04:00,3.8,211,89272655656,,,,http://komodkafe.ru,,,,https://vk.com/komod_samara,https://wa.me/79272655656,,,,https://t.me/+79272655656,,,53.201163,50.110878,https://2gis.com/firm/70000001030261826,branch
Balance coffee,кофейня,Кофейни,"Куйбышева, 68/70",,443099,,Самарский район,Самара,Самара городской округ,Самарская область,Россия,Пн: 06:55-00:05; Вт: 06:55-00:05; Ср: 06:55-00:05; Чт: 06:55-00:05; Пт: 06:55-00:05; Сб: 07:55-00:05; Вс: 07:55-00:05,+04:00,4.0,11,,,,,,,,,,,,,,,,,53.186627,50.088106,https://2gis.com/firm/70000001088895774,branch
Корж,кофейня,Кофейни; Доставка еды; Кондитерские изделия,"улица Революционная, 101в к1",1 этаж,443079,,Октябрьский район,Самара,Самара городской округ,Самарская область,Россия,Пн: 07:30-22:00; Вт: 07:30-22:00; Ср: 07:30-22:00; Чт: 07:30-22:00; Пт: 07:30-22:00; Сб: 07:30-22:00; Вс: 07:30-22:00,+04:00,4.6,151,88462557707,,,,http://korzhcoffee.ru,,,https://twitter.com/korzh_real,https://vk.com/korzh_coffee,,,,,,,,53.205817,50.177727,https://2gis.com/firm/70000001079219341,branch
Дринкит,кофейня,Кофейни,"Ленинградская улица, 29",1 этаж,443099,,Самарский район,Самара,Самара городской округ,Самарская область,Россия,Пн: 08:00-23:00; Вт: 08:00-23:00; Ср: 08:00-23:00; Чт: 08:00-23:00; Пт: 08:00-23:00; Сб: 08:00-23:00; Вс: 08:00-23:00,+04:00,4.8,230,89649839378,,,,http://drinkit.ru/samara,,,,https://vk.com/drinkitsamara,https://wa.me/79649839378,,,,https://t.me/drinkit_business,,,53.187672,50.089937,https://2gis.com/firm/70000001051210908,branch
Алиса в стране чудес,кофейня,Кофейни; Продажа кофе; Кондитерские изделия; Кафе-кондитерские,"Куйбышева, 117",1 этаж,443099,,Самарский район,Самара,Самара городской округ,Самарская область,Россия,Пн: 08:00-22:00; Вт: 08:00-22:00; Ср: 08:00-22:00; Чт: 08:00-22:00; Пт: 08:00-22:30; Сб: 08:30-22:30; Вс: 09:00-22:00,+04:00,4.7,168,89277352018,,,,http://samarawonderland.tilda.ws,,,,https://vk.com/samarawonderland,,,,,https://t.me/wonderlandsamara,,,53.189921,50.090685,https://2gis.com/firm/70000001031956902,branch
Эклерная,,Кофейни; Доставка еды; Кондитерские изделия; Хлебобулочные изделия; Кафе-кондитерские,"Садовая, 137",1 этаж,443041,,Ленинский район,Самара,Самара городской округ,Самарская область,Россия,Пн: 09:00-22:00; Вт: 09:00-22:00; Ср: 09:00-22:00; Чт: 09:00-22:00; Пт: 09:00-22:00; Сб: 09:00-22:00; Вс: 09:00-22:00,+04:00,4.3,290,88462265200 (единая справочная: пн-вс 9:00-22:00),,,,http://eclernaya.ru,,,,https://vk.com/eclernaya,,,,,,,,53.191649,50.10724,https://2gis.com/firm/70000001030673746,branch
Корж,кофейня,Кофейни; Доставка еды,"Дачная, 2 к1",1 этаж,443013,,Ленинский район,Самара,Самара городской округ,Самарская область,Россия,Пн: 07:30-22:00; Вт: 07:30-22:00; Ср: 07:30-22:00; Чт: 07:30-22:00; Пт: 07:30-22:00; Сб: 08:00-22:00; Вс: 08:00-22:00,+04:00,4.8,122,88462557707,,,,http://korzhcoffee.ru,,,https://twitter.com/korzh_real,https://vk.com/korzh_coffee,,,,,,,,53.202006,50.140534,https://2gis.com/firm/70000001045453045,branch
Skuratov Coffee,,Кофейни,"Первомайская, 29",1 этаж,443100,,Октябрьский район,Самара,Самара городской округ,Самарская область,Россия,Пн: 06:55-23:05; Вт: 06:55-23:05; Ср: 06:55-23:05; Чт: 06:55-23:05; Пт: 06:55-23:05; Сб: 06:55-23:05; Вс: 06:55-23:05,+04:00,4.7,170,89277670807,,,,http://skuratovcoffee.ru,,,https://twitter.com/skuratovcoffee,https://vk.com/skuratovcoffee,,,,,https://t.me/skuratovcoffee,,https://youtube.com/channel/UCPwTlxfJslgT5OwKKnMRDrA,53.206841,50.126321,https://2gis.com/firm/70000001043589620,branch
Тепло,кафе,Кофейни; Доставка еды; Кафе,"улица Мичурина, 118а",1 этаж,443068,,Октябрьский район,Самара,Самара городской округ,Самарская область,Россия,Пн: 08:00-21:00; Вт: 08:00-21:00; Ср: 08:00-21:00; Чт: 08:00-21:00; Пт: 08:00-21:00; Сб: 09:00-21:00; Вс: 09:00-21:00,+04:00,4.2,185,88462026861,,,,http://teplo063.ru,,,,https://vk.com/teplo063,,,,,https://t.me/teplo_samara,,,53.212292,50.158126,https://2gis.com/firm/70000001057652541,branch
Skuratov Coffee,,Кофейни,"Самарская улица, 190",1 этаж,443100,,Ленинский район,Самара,Самара городской округ,Самарская область,Россия,Пн: 06:55-23:05; Вт: 06:55-23:05; Ср: 06:55-23:05; Чт: 06:55-23:05; Пт: 06:55-23:05; Сб: 06:55-23:05; Вс: 06:55-23:05,+04:00,4.7,112,89376523348,,,,http://skuratovcoffee.ru,,,https://twitter.com/skuratovcoffee,https://vk.com/skuratovcoffee,,,,,https://t.me/skuratovcoffee,,https://youtube.com/channel/UCPwTlxfJslgT5OwKKnMRDrA,53.201503,50.113814,https://2gis.com/firm/70000001062410566,branch
Кэрри,кафе,Кофейни; Кафе-кондитерские,"улица Ново-Садовая, 160м",1 этаж,443068,,Октябрьский район,Самара,Самара городской округ,Самарская область,Россия,Пн: 08:00-23:00; Вт: 08:00-23:00; Ср: 08:00-23:00; Чт: 08:00-23:00; Пт: 08:00-23:00; Сб: 09:00-23:00; Вс: 09:00-23:00 (служба доставки: пн-чт 12:00-00:00; пт-сб 12:00-1:00),+04:00,4.5,511,88462020550,,,,http://carriecafe.ru,,,,https://vk.com/carrie_cafe,,,,,https://t.me/carrie_cafe,,,53.224527,50.168976,https://2gis.com/firm/70000001070543566,branch
Конфитюр,кофейня,Кофейни; Доставка еды,"Льва Толстого, 57",1 этаж,443010,,Самарский район,Самара,Самара городской округ,Самарская область,Россия,Пн: 08:00-22:00; Вт: 08:00-22:00; Ср: 08:00-22:00; Чт: 08:00-22:00; Пт: 08:00-23:00; Сб: 10:00-23:00; Вс: 10:00-22:00,+04:00,4.0,141,88463327210,,,,http://конфитюр-самара.рф,,,,https://vk.com/konfitur.samara,,,,,,,,53.190768,50.099063,https://2gis.com/firm/2533803071417917,branch
Дринкит,кофейня,Кофейни,"Московское шоссе, 41",1 этаж,443080,,Октябрьский район,Самара,Самара городской округ,Самарская область,Россия,Пн: 07:30-22:00; Вт: 07:30-22:00; Ср: 07:30-22:00; Чт: 07:30-22:00; Пт: 07:30-22:00; Сб: 08:00-22:00; Вс: 08:00-22:00,+04:00,4.6,17,89649839378,,,,http://t.me/drinkit_business,,,,https://vk.com/drinkitsamara,https://wa.me/79649839378,,,,https://t.me/drinkit_business,,,53.221951,50.190836,https://2gis.com/firm/70000001090553982,branch
Bon matin,кондитерская,Кофейни; Кондитерские изделия; Доставка еды; Кафе-кондитерские,"5-я просека, 119",1 этаж,443124,,Октябрьский район,Самара,Самара городской округ,Самарская область,Россия,Пн: 09:00-20:00; Вт: 09:00-20:00; Ср: 09:00-20:00; Чт: 09:00-20:00; Пт: 09:00-20:00; Сб: 09:00-20:00; Вс: 09:00-20:00,+04:00,4.4,116,89170339711,,,,http://www.bon-matin.ru,,,,https://vk.com/bon_matin_smr,,,,,https://t.me/+79170339711,,,53.240907,50.182962,https://2gis.com/firm/70000001047837349,branch
Корж,кофейня,Кофейни; Доставка еды,"улица Ново-Садовая, 106Б",1 этаж,443068,,Октябрьский район,Самара,Самара городской округ,Самарская область,Россия,Пн: 07:30-22:00; Вт: 07:30-22:00; Ср: 07:30-22:00; Чт: 07:30-22:00; Пт: 07:30-22:00; Сб: 07:30-22:00; Вс: 07:30-22:00,+04:00,4.8,230,88462557707,,,,http://korzhcoffee.ru,,,https://twitter.com/korzh_real,https://vk.com/korzh_coffee,,,,,,,,53.219922,50.155685,https://2gis.com/firm/70000001027391770,branch
Muwa,кофейня-кондитерская,Кофейни; Кондитерские изделия; Продажа кофе,"Чапаевская, 92",1 этаж,443099,,Самарский район,Самара,Самара городской округ,Самарская область,Россия,Пн: 10:00-21:00; Вт: 10:00-21:00; Ср: 10:00-21:00; Чт: 10:00-21:00; Пт: 10:00-21:00; Сб: 10:00-21:00; Вс: 10:00-21:00,+04:00,5.0,130,89959092868,,,,,,,,,,,,,https://t.me/muwacoffee,,,53.186024,50.092795,https://2gis.com/firm/70000001054245974,branch
Skuratov Coffee,,Кофейни; Продажа кофе,"Красноармейская улица, 133",1 этаж,443030,,Железнодорожный район,Самара,Самара городской округ,Самарская область,Россия,Пн: 06:55-23:05; Вт: 06:55-23:05; Ср: 06:55-23:05; Чт: 06:55-23:05; Пт: 06:55-23:05; Сб: 06:55-23:05; Вс: 06:55-23:05,+04:00,4.7,169,89277738988,,,,http://skuratovcoffee.ru,,,https://twitter.com/skuratovcoffee,https://vk.com/skuratovcoffee,,,,,https://t.me/skuratovcoffee,,https://youtube.com/channel/UCPwTlxfJslgT5OwKKnMRDrA,53.187755,50.125661,https://2gis.com/firm/70000001052366972,branch
Skuratov Coffee,,Кофейни,"Молодогвардейская улица, 80",,443099,,Самарский район,Самара,Самара городской округ,Самарская область,Россия,Пн: 06:55-23:05; Вт: 06:55-23:05; Ср: 06:55-23:05; Чт: 06:55-23:05; Пт: 06:55-23:05; Сб: 06:55-23:05; Вс: 06:55-23:05,+04:00,4.5,57,89083880964,,,,http://skuratovcoffee.ru,,,https://twitter.com/skuratovcoffee,https://vk.com/skuratovcoffee,,,,,https://t.me/skuratovcoffee,,https://youtube.com/channel/UCPwTlxfJslgT5OwKKnMRDrA,53.187065,50.096195,https://2gis.com/firm/70000001063379108,branch
Корж,кофейня,Кофейни; Доставка еды; Кафе-кондитерские,"Льва Толстого, 30Б",1 этаж,443010,,Ленинский район,Самара,Самара городской округ,Самарская область,Россия,Пн: 07:30-22:00; Вт: 07:30-22:00; Ср: 07:30-22:00; Чт: 07:30-22:00; Пт: 07:30-22:00; Сб: 07:30-22:00; Вс: 07:30-22:00,+04:00,4.7,136,88462557707,,,,http://korzhcoffee.ru,,,https://twitter.com/korzh_real,https://vk.com/korzh_coffee,,,,,,,,53.192082,50.095506,https://2gis.com/firm/70000001052357057,branch
Skuratov Coffee,,Кофейни; Продажа кофе,"Куйбышева, 68/70",1 этаж,443099,,Самарский район,Самара,Самара городской округ,Самарская область,Россия,Пн: 06:55-23:05; Вт: 06:55-23:05; Ср: 06:55-23:05; Чт: 06:55-23:05; Пт: 06:55-23:05; Сб: 06:55-23:05; Вс: 06:55-23:05,+04:00,4.7,175,89372028288,,,,http://skuratovcoffee.ru,,,https://twitter.com/skuratovcoffee,https://vk.com/skuratovcoffee,,,,,https://t.me/skuratovcoffee,,https://youtube.com/channel/UCPwTlxfJslgT5OwKKnMRDrA,53.186757,50.088193,https://2gis.com/firm/70000001036538224,branch
Толстой,кофейня,Кофейни; Кондитерские изделия; Продажа кофе,"Некрасовская, 63",1 этаж,443099,,Самарский район,Самара,Самара городской округ,Самарская область,Россия,Пн: 08:30-20:30; Вт: 08:30-20:30; Ср: 08:30-20:30; Чт: 08:30-20:30; Пт: 08:30-20:30; Сб: 08:30-20:30; Вс: 08:30-20:30,+04:00,4.7,84,89270088202,,,,http://t.me/tolstoy_coffee,,,,https://vk.com/tolstoy_coffee,https://wa.me/79270088202,,,,https://t.me/+79270088202,,,53.18822,50.098804,https://2gis.com/firm/70000001031751041,branch
Yeti,кафе,Кофейни; Кафе,"Молодогвардейская улица, 90",1 этаж,443099,,Самарский район,Самара,Самара городской округ,Самарская область,Россия,Пн: 11:00-23:00; Вт: 11:00-23:00; Ср: 11:00-23:00; Чт: 11:00-23:00; Пт: 11:00-23:00; Сб: 11:00-23:00; Вс: 11:00-23:00,+04:00,4.4,38,89377974723,,,,http://t.me/yetidrink,,,,,https://wa.me/79377974723,,,,,,,53.187745,50.096657,https://2gis.com/firm/70000001078718241,branch
Корж,кофейня,Кофейни,"Ульяновская, 19",1 этаж,443001,,Ленинский район,Самара,Самара городской округ,Самарская область,Россия,Пн: 07:30-22:00; Вт: 07:30-22:00; Ср: 07:30-22:00; Чт: 07:30-22:00; Пт: 07:30-22:00; Сб: 07:30-22:00; Вс: 07:30-22:00 (служба доставки: пн-вс 14:00-22:00),+04:00,4.8,161,88462557707,,,,http://korzhcoffee.ru,,,https://twitter.com/korzh_real,https://vk.com/korzh_coffee,,,,,,,,53.199667,50.105873,https://2gis.com/firm/70000001033411071,branch
Bon matin,кондитерская,Кофейни; Кафе-кондитерские,"улица Физкультурная, 103а",,443009,Безымянка м-н,Промышленный район,Самара,Самара городской округ,Самарская область,Россия,Пн: 08:00-21:00; Вт: 08:00-21:00; Ср: 08:00-21:00; Чт: 08:00-21:00; Пт: 08:00-21:00; Сб: 08:00-21:00; Вс: 08:00-21:00,+04:00,5.0,12,89170339711,,,,http://www.bon-matin.ru,,,,https://vk.com/bon_matin_smr,,,,,https://t.me/+79170339711,,,53.214644,50.261609,https://2gis.com/firm/70000001093805196,branch
Корж,кофейня,Кофейни; Доставка еды,"9-я просека 5-я линия, 1г",,443031,Барбошина поляна,Кировский район,Самара,Самара городской округ,Самарская область,Россия,Пн: 07:30-22:00; Вт: 07:30-22:00; Ср: 07:30-22:00; Чт: 07:30-22:00; Пт: 07:30-22:00; Сб: 07:30-22:00; Вс: 07:30-22:00,+04:00,4.4,100,88462557707,,,,http://korzhcoffee.ru,,,https://twitter.com/korzh_real,https://vk.com/korzh_coffee,,,,,,,,53.274908,50.191557,https://2gis.com/firm/70000001074923618,branch
Colors cafe,кафе,Кофейни; Кафе-кондитерские; Доставка еды; Кондитерские изделия,"Рабочая, 15",1 этаж,443010,,Ленинский район,Самара,Самара городской округ,Самарская область,Россия,Пн: 08:00-21:00; Вт: 08:00-21:00; Ср: 08:00-21:00; Чт: 08:00-21:00; Пт: 08:00-21:00; Сб: 09:00-21:00; Вс: 09:00-21:00,+04:00,4.7,118,88462020700,,,,,,,,https://vk.com/colorscafe,,,,,,,,53.194505,50.105529,https://2gis.com/firm/70000001055891872,branch
Else,кафе,Кофейни; Кафе,"Садовая, 176",1 этаж,443001,,Ленинский район,Самара,Самара городской округ,Самарская область,Россия,Пн: 08:00-22:00; Вт: 08:00-22:00; Ср: 08:00-22:00; Чт: 08:00-22:00; Пт: 08:00-22:00; Сб: 09:00-22:00; Вс: 09:00-22:00,+04:00,4.1,60,89179485221,,,,http://elsecoffee.2gis.biz,http://t.me/elsecoffeebrut,,,https://vk.com/public219094210,https://wa.me/79179485221,,viber://chat/?number=79179485221,,,,,53.196188,50.109692,https://2gis.com/firm/70000001068929359,branch
Lumos barista lab,,Кофейни; Продажа кофе; Кондитерские изделия; Хлебобулочные изделия,"улица Революционная, 3",,443086,,Октябрьский район,Самара,Самара городской округ,Самарская область,Россия,Пн: 09:00-20:00; Вт: 09:00-20:00; Ср: 09:00-20:00; Чт: 09:00-20:00; Пт: 09:00-20:00; Сб: 09:00-20:00; Вс: 09:00-20:00,+04:00,3.9,60,89649856819,,,,http://lumosbaristalab.com,,,,,https://wa.me/79649856819,,,,https://t.me/+79649856819,,,53.216788,50.162462,https://2gis.com/firm/70000001052308703,branch
Surf Coffee x Pool,кофейня,Кофейни; Доставка еды; Продажа кофе,"Полевая, 54",1 этаж,443100,,Октябрьский район,Самара,Самара городской округ,Самарская область,Россия,Пн: 08:00-22:00; Вт: 08:00-22:00; Ср: 08:00-22:00; Чт: 08:00-22:00; Пт: 08:00-22:00; Сб: 09:00-22:00; Вс: 09:00-22:00,+04:00,4.7,96,89918377183,88007772407,88462050702,,http://www.surfcoffee.ru,,,,https://vk.com/surfcoffee,,,,,https://t.me/surfcoffee_info,,,53.206909,50.122066,https://2gis.com/firm/70000001047142182,branch
Skuratov Coffee,,Кофейни,"Максима Горького, 129",,443099,,Самарский район,Самара,Самара городской округ,Самарская область,Россия,Пн: 06:55-23:05; Вт: 06:55-23:05; Ср: 06:55-23:05; Чт: 06:55-23:05; Пт: 06:55-23:05; Сб: 06:55-23:05; Вс: 06:55-23:05,+04:00,4.0,4,89272197469,,,,http://skuratovcoffee.ru,,,https://twitter.com/skuratovcoffee,https://vk.com/skuratovcoffee,,,,,https://t.me/skuratovcoffee,,https://youtube.com/channel/UCPwTlxfJslgT5OwKKnMRDrA,53.19319,50.087999,https://2gis.com/firm/70000001094239079,branch
White cup,кофейня,Кофейни; Кондитерские изделия; Питьевая вода,"Фрунзе, 159",,443010,,Ленинский район,Самара,Самара городской округ,Самарская область,Россия,Пн: 08:00-23:00; Вт: 08:00-23:00; Ср: 08:00-23:00; Чт: 08:00-23:00; Пт: 08:00-23:00; Сб: 08:00-23:00; Вс: 08:00-23:00,+04:00,4.4,25,89372355715,,,,,,,,https://vk.com/white_cup,,,,,,,,53.194286,50.096578,https://2gis.com/firm/70000001080292697,branch
Bibi.Rest,кафе,Кофейни; Кафе,"Садовая, 251",1 этаж,443001,,Ленинский район,Самара,Самара городской округ,Самарская область,Россия,Пн: 09:30-22:00; Вт: 09:30-22:00; Ср: 09:30-22:00; Чт: 09:30-22:00; Пт: 09:30-22:00; Сб: 09:30-22:00; Вс: 09:30-22:00,+04:00,4.6,65,89050178517,,,bibirest@yandex.ru,,,,,,https://wa.me/79050178517,,viber://chat/?number=79050178517,,,,,53.200065,50.115933,https://2gis.com/firm/70000001084342559,branch
Komkofe,кофейня,Кофейни,"Мориса Тореза, 103",,443074,,Советский район,Самара,Самара городской округ,Самарская область,Россия,Пн: 09:00-21:00; Вт: 09:00-21:00; Ср: 09:00-21:00; Чт: 09:00-21:00; Пт: 09:00-22:00; Сб: 09:00-22:00; Вс: 09:00-22:00,+04:00,4.7,120,89272959994,,,,,,,,https://vk.com/club215904542,https://wa.me/79272959994,,viber://chat/?number=79272959994,,,,,53.196085,50.200607,https://2gis.com/firm/70000001066924397,branch
Коза,кофейня,Кофейни,"улица Революционная, 70е",1 этаж,443045,,Октябрьский район,Самара,Самара городской округ,Самарская область,Россия,Пн: 08:00-22:00; Вт: 08:00-22:00; Ср: 08:00-22:00; Чт: 08:00-22:00; Пт: 08:00-22:00; Сб: 08:00-22:00; Вс: 08:00-22:00,+04:00,4.8,29,89371722111,,,,http://t.me/kozacoffee,,,,,https://wa.me/79959332810,,,,https://t.me/+79371722111,,,53.207664,50.17808,https://2gis.com/firm/70000001080323597,branch
Firgun,кофейня,Кофейни; Кондитерские изделия,"Молодогвардейская улица, 82",1 этаж,443099,,Самарский район,Самара,Самара городской округ,Самарская область,Россия,Пн: 09:00-20:30; Вт: 09:00-20:30; Ср: 09:00-20:30; Чт: 09:00-20:30; Пт: 09:00-20:30; Сб: 09:00-20:30; Вс: 09:00-20:30,+04:00,4.4,143,89879416065,,,,http://firgun.tilda.ws,,,,https://vk.com/soikacoffee,,,,,https://t.me/+79879416065,,,53.187249,50.096323,https://2gis.com/firm/70000001023609814,branch
Surf Coffee x Kusto,кофейня,Кофейни; Кафе-кондитерские,"Куйбышева, 100",1 этаж,443099,,Самарский район,Самара,Самара городской округ,Самарская область,Россия,Пн: 08:00-22:00; Вт: 08:00-22:00; Ср: 08:00-22:00; Чт: 08:00-22:00; Пт: 08:00-22:00; Сб: 09:00-22:00; Вс: 09:00-22:00,+04:00,4.6,23,89272607337,88007772407,88462050702,,http://www.surfcoffee.ru,,,,https://vk.com/surfcoffee,,,,,https://t.me/surfcoffee_info,,,53.190133,50.090419,https://2gis.com/firm/70000001082424572,branch
Cup to cup,кофейня,Кофейни; Доставка еды,"Академика Платонова, 8",1 этаж,443011,,Октябрьский район,Самара,Самара городской округ,Самарская область,Россия,Пн: 09:00-20:00; Вт: 09:00-20:00; Ср: 09:00-20:00; Чт: 09:00-20:00; Пт: 09:00-20:00; Сб: 09:00-20:00; Вс: 09:00-20:00,+04:00,3.6,60,88469908998,,,,,,,,https://vk.com/cuptocup,,,,,,,,53.223854,50.173649,https://2gis.com/firm/70000001044349518,branch
Булка нетто,пекарня,Кофейни; Пекарни; Доставка еды,"9-я просека 5-я линия, 99а",1 этаж,443031,Барбошина поляна,Промышленный район,Самара,Самара городской округ,Самарская область,Россия,Пн: 08:00-20:00; Вт: 08:00-20:00; Ср: 08:00-20:00; Чт: 08:00-20:00; Пт: 08:00-20:00; Сб: 08:00-20:00; Вс: 09:00-18:00,+04:00,3.8,67,89276531602,,,,,,,,,,,,,,,,53.264799,50.209324,https://2gis.com/firm/70000001028205668,branch
Lumos barista lab,,Кофейни; Продажа кофе; Кондитерские изделия,"Чапаевская, 187",1 этаж,443010,,Ленинский район,Самара,Самара городской округ,Самарская область,Россия,Пн: 07:00-20:00; Вт: 07:00-20:00; Ср: 07:00-20:00; Чт: 07:00-20:00; Пт: 07:00-20:00; Сб: 07:00-20:00; Вс: 09:00-20:00,+04:00,4.4,19,89649856819,,,,http://lumosbaristalab.com,,,,,https://wa.me/79649856819,,,,https://t.me/+79649856819,,,53.198128,50.102115,https://2gis.com/firm/70000001077831756,branch
CupStore,кофейня,Кофейни; Доставка еды; Кондитерские изделия,"улица Лесная, 23 к5",2 этаж,443110,,Октябрьский район,Самара,Самара городской округ,Самарская область,Россия,Пн: 09:00-23:00; Вт: 09:00-23:00; Ср: 09:00-23:00; Чт: 09:00-23:00; Пт: 09:00-24:00; Сб: 09:00-24:00; Вс: 09:00-23:00,+04:00,4.7,212,89397143670,,,,http://cupstore.online,,,,https://vk.com/cupstore_rus,,,,,https://t.me/pictures_smr,,,53.212244,50.125405,https://2gis.com/firm/70000001069092373,branch
Пантуфль,кофейня,Кофейни; Кондитерские изделия,"Галактионовская, 52",1 этаж,443010,,Самарский район,Самара,Самара городской округ,Самарская область,Россия,Пн: 10:00-21:00; Вт: 10:00-21:00; Ср: 10:00-21:00; Чт: 10:00-21:00; Пт: 10:00-21:00; Сб: 10:00-21:00; Вс: 10:00-21:00,+04:00,4.9,25,89889498411,,,,,,,,https://vk.com/pantoufle_63,https://wa.me/79889498411,,viber://chat/?number=79889498411,,https://t.me/+79889498411,,,53.188912,50.099938,https://2gis.com/firm/70000001077840531,branch
Этажи,кофейня,Кофейни,"Садовая, 142",1 этаж,443041,,Ленинский район,Самара,Самара городской округ,Самарская область,Россия,Пн: 08:00-20:00; Вт: 08:00-20:00; Ср: 08:00-20:00; Чт: 08:00-20:00; Пт: 08:00-20:00; Сб: 09:00-20:00; Вс: 09:00-20:00,+04:00,4.3,12,88462051077,89879551077,,,http://xn--80aaodk6afocifg9k.xn--p1acf/,,,,https://vk.com/etazhi_smr,https://wa.me/79879551077,,,,,,,53.192731,50.107504,https://2gis.com/firm/70000001080573056,branch
Эклерная,,Кофейни; Кондитерские изделия,"улица Ленинская, 301",1 этаж,443001,,Ленинский район,Самара,Самара городской округ,Самарская область,Россия,Пн: 08:00-20:00; Вт: 08:00-20:00; Ср: 08:00-20:00; Чт: 08:00-20:00; Пт: 08:00-20:00; Сб: 08:00-20:00; Вс: 08:00-20:00,+04:00,3.3,51,88462265200 (единая справочная: пн-вс 9:00-22:00),,,,http://eclernaya.ru,,,,https://vk.com/eclernaya,,,,,,,,53.203015,50.125981,https://2gis.com/firm/70000001034273533,branch
Юни ,эспрессо-бар,Кофейни; Кондитерские изделия,"Стара Загора, 27",1 этаж,443081,6-й м-н,Советский район,Самара,Самара городской округ,Самарская область,Россия,Пн: 08:00-22:00; Вт: 08:00-22:00; Ср: 08:00-22:00; Чт: 08:00-22:00; Пт: 08:00-24:00; Сб: 10:00-24:00; Вс: 10:00-22:00,+04:00,4.7,84,89371846464,,,,,,,,https://vk.com/unie_smr,https://wa.me/79371846464,,viber://chat/?number=79371846464,,https://t.me/nicki_stepaj,,,53.225411,50.200323,https://2gis.com/firm/70000001059812369,branch
Десертная,кофейня-кондитерская,Кофейни; Кафе-кондитерские,"улица Ленинская, 116",2 этаж,443020,,Самарский район,Самара,Самара городской округ,Самарская область,Россия,Пн: 11:00-20:00; Вт: 11:00-20:00; Ср: 11:00-20:00; Чт: 11:00-20:00; Пт: 11:00-20:00; Сб: 11:00-20:00; Вс: 11:00-20:00,+04:00,4.6,14,89270172007,,,,,,,,https://vk.com/desertnaya_smr,https://wa.me/79270172007,,,,,,,53.188874,50.107464,https://2gis.com/firm/70000001083557038,branch
Coffee cake,кафе,Кофейни; Доставка еды; Кондитерские изделия,"Полевая, 1",1 этаж,443071,,Ленинский район,Самара,Самара городской округ,Самарская область,Россия,Пн: 08:00-21:00; Вт: 08:00-21:00; Ср: 08:00-21:00; Чт: 08:00-21:00; Пт: 08:00-21:00; Сб: 08:00-21:00; Вс: 08:00-21:00,+04:00,3.3,160,88462444403,,,,http://t.me/coffee_samara,,,,https://vk.com/coffeecakesmr,,,,,,,,53.209137,50.118449,https://2gis.com/firm/70000001022061124,branch
Крепвилль,кофейня,Кофейни; Продажа кофе,"улица Советской Армии, 238",2 этаж,443011,,Октябрьский район,Самара,Самара городской округ,Самарская область,Россия,Пн: 08:00-21:00; Вт: 08:00-21:00; Ср: 08:00-21:00; Чт: 08:00-21:00; Пт: 08:00-21:00; Сб: 10:00-21:00; Вс: 10:00-21:00,+04:00,4.4,85,89372308062,,,,,,,,,,,,,,,,53.23678,50.18242,https://2gis.com/firm/70000001031407379,branch
Кофейная поляна,,Кофейни,"улица Авроры, 110 к1",1 этаж,443069,,Железнодорожный район,Самара,Самара городской округ,Самарская область,Россия,Пн: 09:00-20:00; Вт: 09:00-20:00; Ср: 09:00-20:00; Чт: 09:00-20:00; Пт: 09:00-20:00; Сб: 09:00-20:00; Вс: 09:00-20:00,+04:00,4.9,69,89377947424,,,,,,,,https://vk.com/cafepolyanasmr,https://wa.me/79377947424,,,,,,,53.193703,50.190276,https://2gis.com/firm/70000001035467764,branch
Black milk,кофейня,Кофейни,"улица Ново-Садовая, 169",1 этаж,443086,,Октябрьский район,Самара,Самара городской округ,Самарская область,Россия,Пн: 08:00-22:00; Вт: 08:00-22:00; Ср: 08:00-22:00; Чт: 08:00-22:00; Пт: 08:00-22:00; Сб: 08:00-22:00; Вс: 08:00-22:00,+04:00,4.6,33,89257284937,,,,,,,,,https://wa.me/79257284937,,,,,,,53.219539,50.159073,https://2gis.com/firm/70000001081116534,branch
Ma cherie,кондитерская,Кофейни; Кондитерские изделия; Хлебобулочные изделия; Кафе-кондитерские; Доставка еды,"Молодогвардейская улица, 209",1 этаж,443100,,Ленинский район,Самара,Самара городской округ,Самарская область,Россия,Пн: 09:00-22:00; Вт: 09:00-22:00; Ср: 09:00-22:00; Чт: 09:00-22:00; Пт: 09:00-22:00; Сб: 09:00-22:00; Вс: 09:00-22:00,+04:00,3.4,78,89372330830 (доп.1),,,,http://macherie.cafe,,,,https://vk.com/macherie.cafe,,,,,https://t.me/macheriecafe,,,53.204425,50.116871,https://2gis.com/firm/70000001043614073,branch
Stars Coffee,кофейня,Кофейни,"Красноармейская улица, 131",1 этаж,443030,,Железнодорожный район,Самара,Самара городской округ,Самарская область,Россия,Пн: 10:00-22:00; Вт: 10:00-22:00; Ср: 10:00-22:00; Чт: 10:00-22:00; Пт: 10:00-22:00; Сб: 10:00-22:00; Вс: 10:00-22:00,+04:00,4.3,17,89297070367,,,,http://t.me/starscoffee,,,,https://vk.com/starscoffee_official,,,,,https://t.me/starscoffee,,,53.186596,50.126438,https://2gis.com/firm/70000001082864169,branch
MB Cafe,кофейня,Кофейни,"Красноармейская улица, 10",1 этаж,443010,,Ленинский район,Самара,Самара городской округ,Самарская область,Россия,Пн: 08:00-22:00; Вт: 08:00-22:00; Ср: 08:00-22:00; Чт: 08:00-22:00; Пт: 08:00-22:00; Сб: 09:00-22:00; Вс: 09:00-22:00,+04:00,4.3,35,89377950850,,,,http://t.me/mbcafesamara,,,,https://vk.com/mbcafe.samara,https://wa.me/79377950850,,,,https://t.me/+79377950850,,,53.194386,50.097323,https://2gis.com/firm/70000001047617705,branch
Котель,экокофейня,Кофейни; Кондитерские изделия; Продажа кофе,"Георгия Димитрова улица, 14",1 этаж,443114,13-й м-н,Кировский район,Самара,Самара городской округ,Самарская область,Россия,Пн: 08:00-20:00; Вт: 08:00-20:00; Ср: 08:00-20:00; Чт: 08:00-20:00; Пт: 08:00-20:00; Сб: 09:00-20:00; Вс: 09:00-20:00,+04:00,5.0,19,,,,,http://t.me/kotel_14,,,,https://vk.com/kotel_samara,,,,,https://t.me/+79063473747,,,53.250011,50.239439,https://2gis.com/firm/70000001082381113,branch
Супер Эклеры,кофейня-эклерная,Кофейни; Кондитерские изделия; Продажа кофе; Продажа чая,"7-я просека, 110",1 этаж,443029,,Промышленный район,Самара,Самара городской округ,Самарская область,Россия,Пн: 09:00-21:00; Вт: 09:00-21:00; Ср: 09:00-21:00; Чт: 09:00-21:00; Пт: 09:00-21:00; Сб: 09:00-21:00; Вс: 09:00-21:00,+04:00,4.5,42,89018039469,,,,,,,,,,,viber://chat/?number=79018039469,,,,,53.254201,50.200793,https://2gis.com/firm/70000001038337483,branch
8 атомов,кофейня,Кофейни,"Куйбышева, 128/1",,443010,,Ленинский район,Самара,Самара городской округ,Самарская область,Россия,Пн: 08:00-20:00; Вт: 08:00-20:00; Ср: 08:00-20:00; Чт: 08:00-20:00; Пт: 08:00-20:00; Сб: 10:00-20:00; Вс: 10:00-20:00,+04:00,4.2,4,89959331288,,,,,,,,https://vk.com/8atom,,,,,,,,53.194558,50.092844,https://2gis.com/firm/70000001082057864,branch
Stars Coffee,кофейня,Кофейни,"улица Дыбенко, 30",1 этаж,443045,,Советский район,Самара,Самара городской округ,Самарская область,Россия,Пн: 10:00-22:00; Вт: 10:00-22:00; Ср: 10:00-22:00; Чт: 10:00-22:00; Пт: 10:00-22:00; Сб: 10:00-22:00; Вс: 10:00-22:00,+04:00,3.3,66,89822900047,,,,http://stars-coffee.ru,,,,https://vk.com/starscoffee_official,,,,,https://t.me/starscoffee,,,53.207645,50.198323,https://2gis.com/firm/70000001026171287,branch
Muse,кофейня,Кофейни; Продажа кофе; Кондитерские изделия; Хлебобулочные изделия,"Самарская улица, 72",,443010,,Самарский район,Самара,Самара городской округ,Самарская область,Россия,Пн: 08:00-21:00; Вт: 08:00-21:00; Ср: 08:00-21:00; Чт: 08:00-21:00; Пт: 08:00-21:00; Сб: 08:00-21:00; Вс: 08:00-21:00,+04:00,4.9,10,89934654288,,,,,,,,https://vk.com/muse_coffee,,,,,,,,53.189139,50.102548,https://2gis.com/firm/70000001092076523,branch
Vайс,,Кофейни; Безалкогольные напитки; Кафе-кондитерские; Кафе,"Ленинградская улица, 30",1 этаж,443099,,Самарский район,Самара,Самара городской округ,Самарская область,Россия,Пн: 09:00-23:00; Вт: 09:00-23:00; Ср: 09:00-23:00; Чт: 09:00-23:00; Пт: 09:00-23:00; Сб: 09:00-23:00; Вс: 09:00-23:00,+04:00,5.0,14,89869538024 (управляющая),,,,http://vacedrink.taplink.ws,,,,https://vk.com/vace_drink,https://wa.me/79869538024,,,,https://t.me/vace_drink,,https://youtube.com/@vacedrink,53.187907,50.090126,https://2gis.com/firm/70000001067355797,branch
Кофеваркин,,Кофейни; Продажа кофе,"улица Ново-Урицкая, 12 к4",1 этаж,443082,,Железнодорожный район,Самара,Самара городской округ,Самарская область,Россия,Пн: 09:00-19:30; Вт: 09:00-19:30; Ср: 09:00-19:30; Чт: 09:00-19:30; Пт: 09:00-19:30,+04:00,5.0,32,89277337775,,,,http://coffeevarkin.ru,,,,https://vk.com/coffeevarkin,https://wa.me/79277337775,,,,https://t.me/coffeevarkin_bot,,,53.185255,50.14799,https://2gis.com/firm/70000001053200524,branch
Кофейная поляна,,Кофейни,"Урицкого, 2",1 этаж,443030,,Железнодорожный район,Самара,Самара городской округ,Самарская область,Россия,Пн: 09:00-20:00; Вт: 09:00-20:00; Ср: 09:00-20:00; Чт: 09:00-20:00; Пт: 09:00-20:00; Сб: 09:00-20:00; Вс: 09:00-20:00,+04:00,4.9,46,89377947424,,,,,,,,,https://wa.me/79377947424,,viber://chat/?number=79377947424,,https://t.me/+79377947424,,,53.191928,50.12509,https://2gis.com/firm/70000001053746171,branch
Twinz,кофейня,Кофейни,"Молодогвардейская улица, 87",1 этаж,443010,,Самарский район,Самара,Самара городской округ,Самарская область,Россия,Пн: 09:00-21:00; Вт: 09:00-21:00; Ср: 09:00-21:00; Чт: 09:00-21:00; Пт: 09:00-21:00; Сб: 09:00-22:00; Вс: 09:00-22:00,+04:00,4.8,17,89397151215,,,,http://Twinzcoffee.ru,,,,,https://wa.me/79397151215,,,,,,,53.189961,50.09852,https://2gis.com/firm/70000001063091809,branch
Точка притяжения,,Кофейни; Кондитерские изделия; Алкогольные напитки,"Фрунзе, 130",1 этаж,443010,,Ленинский район,Самара,Самара городской округ,Самарская область,Россия,Пн: 09:00-21:00; Вт: 09:00-21:00; Ср: 09:00-21:00; Чт: 09:00-21:00; Пт: 09:00-21:00; Сб: 09:00-21:00; Вс: 09:00-21:00,+04:00,5.0,13,89270120230,,,,,,,,https://vk.com/samaratochkaprityazheniya,https://wa.me/79270120230,,,,https://t.me/+79270120230,,,53.193823,50.095335,https://2gis.com/firm/70000001075541505,branch
Юни ,эспрессо-бар,Кофейни; Продажа кофе,"улица Ново-Садовая, 164",вывеска Кофе,443011,,Октябрьский район,Самара,Самара городской округ,Самарская область,Россия,Пн: 08:00-20:00; Вт: 08:00-20:00; Ср: 08:00-20:00; Чт: 08:00-20:00; Пт: 08:00-20:00; Сб: 10:00-22:00; Вс: 10:00-22:00,+04:00,4.5,11,89371846464,,,,,,,,https://vk.com/unie_smr,,,,,https://t.me/+79371846464,,,53.234514,50.184404,https://2gis.com/firm/70000001088110225,branch
Coffee time,,Кофейни,"1-й квартал, 42",1 этаж; рядом с 3 подъездом,443028,Мехзавод пос.,Красноглинский район,Самара,Самара городской округ,Самарская область,Россия,Пн: 08:00-20:00; Вт: 08:00-20:00; Ср: 08:00-20:00; Чт: 08:00-20:00; Пт: 08:00-20:00; Сб: 09:00-19:00; Вс: 09:00-19:00,+04:00,5.0,18,89966239349,,,,,,,,https://vk.com/cofftime,,,,,,,,53.306574,50.288249,https://2gis.com/firm/70000001067019778,branch
Vandal coffee,точка кофе с собой,Кофейни,"улица Солнечная, 18",,443124,,Октябрьский район,Самара,Самара городской округ,Самарская область,Россия,Пн: 08:00-22:00; Вт: 08:00-22:00; Ср: 08:00-22:00; Чт: 08:00-22:00; Пт: 08:00-22:00; Сб: 08:00-22:00; Вс: 08:00-22:00,+04:00,5.0,32,,,,,,,,,https://vk.com/vandalcoffeetlt,,,,,,,,53.242068,50.186151,https://2gis.com/firm/70000001089632884,branch
Вкусная Компания,,Кофейни; Кондитерские изделия; Кейтеринг,"улица Лесная, 33",2 этаж,443110,,Октябрьский район,Самара,Самара городской округ,Самарская область,Россия,Пн: 08:00-20:00; Вт: 08:00-20:00; Ср: 08:00-20:00; Чт: 08:00-20:00; Пт: 08:00-20:00; Сб: 08:00-20:00; Вс: 08:00-20:00,+04:00,3.8,17,89679206535,,,vkus_com@mail.ru,http://vkusnayakompania.uds.app/c,http://vkus-com.ru/,http://vkuscom.2gis.biz,,https://vk.com/vkusnayakompania,,,,,,,,53.215089,50.133549,https://2gis.com/firm/70000001086015412,branch
Брат,кофейня,Кофейни; Кафе,"Мориса Тореза, 67а",1 этаж,443069,,Железнодорожный район,Самара,Самара городской округ,Самарская область,Россия,Пн: 10:00-22:00; Вт: 10:00-22:00; Ср: 10:00-22:00; Чт: 10:00-22:00; Пт: 10:00-22:00; Сб: 10:00-22:00,+04:00,5.0,35,89022404040,,,,,,,,,https://wa.me/79022404040,,,,,,,53.196779,50.186245,https://2gis.com/firm/70000001082437291,branch
Cup-cup,кофе-бар,Кофейни; Продажа кофе; Кондитерские изделия; Безалкогольные напитки,"проспект Карла Маркса, 201Б",1 этаж,443080,,Октябрьский район,Самара,Самара городской округ,Самарская область,Россия,Пн: 08:00-19:00; Вт: 08:00-19:00; Ср: 08:00-19:00; Чт: 08:00-19:00; Пт: 08:00-19:00; Сб: 08:00-19:00,+04:00,4.5,38,89270000388 (единый номер),,,,http://cupcup.uds.app/c,,,,,,,,,,,,53.213402,50.187359,https://2gis.com/firm/70000001062690115,branch
Buna,,Кофейни,"улица Советской Армии, 132",1 этаж,443090,,Советский район,Самара,Самара городской округ,Самарская область,Россия,Пн: 08:00-20:00; Вт: 08:00-20:00; Ср: 08:00-20:00; Чт: 08:00-20:00; Пт: 08:00-20:00; Сб: 08:00-20:00; Вс: 08:00-20:00,+04:00,5.0,18,89179774032,89954858908,,,http://t.me/bunacoffeeanddessert,,,,https://vk.com/club225390938,https://wa.me/79179774032,https://wa.me/79954858908,viber://chat/?number=79179774032,,,,,53.212771,50.208919,https://2gis.com/firm/70000001087555847,branch
Vandal coffee,точка кофе с собой,Кофейни,,,443080,,Октябрьский район,Самара,Самара городской округ,Самарская область,Россия,Пн: 08:00-22:00; Вт: 08:00-22:00; Ср: 08:00-22:00; Чт: 08:00-22:00; Пт: 08:00-22:00; Сб: 08:00-22:00; Вс: 08:00-22:00,+04:00,4.9,101,,,,,,,,,https://vk.com/vandalcoffeetlt,,,,,,,,53.216572,50.18869,https://2gis.com/firm/70000001080454612,branch
Do.Bro Coffee,кофейня,Кофейни; Продажа кофе,"улица Революционная, 3",1 этаж; вход с ул. Революционная,443086,,Октябрьский район,Самара,Самара городской округ,Самарская область,Россия,Пн: 08:00-20:00; Вт: 08:00-20:00; Ср: 08:00-20:00; Чт: 08:00-20:00; Пт: 08:00-20:00; Сб: 09:00-19:00; Вс: 09:00-19:00,+04:00,5.0,88,89379864898,,,,http://dobro-coffee.com,,,,https://vk.com/do.bro_smr,https://wa.me/79379864898,,viber://chat/?number=79379864898,,,,https://youtube.com/c/DOBROcoffee,53.216823,50.16334,https://2gis.com/firm/70000001071542367,branch
Samara power drinks,,Кофейни,"Чапаевская, 91",1 этаж,443099,,Самарский район,Самара,Самара городской округ,Самарская область,Россия,Пн: 09:00-23:00; Вт: 09:00-23:00; Ср: 09:00-23:00; Чт: 09:00-23:00; Пт: 09:00-23:00; Сб: 10:00-23:00; Вс: 10:00-22:00,+04:00,4.8,20,89633693929,,,,http://t.me/samarapowerdrinks,,,,https://vk.com/samarapowerdrinks,https://wa.me/79633693929,,,,,,,53.187358,50.094164,https://2gis.com/firm/70000001082781235,branch
Cup-cup,кофе-бар,Кофейни; Продажа кофе; Кондитерские изделия; Безалкогольные напитки,"Московское шоссе, 55",1 этаж,443080,,Октябрьский район,Самара,Самара городской округ,Самарская область,Россия,Пн: 08:00-20:00; Вт: 08:00-20:00; Ср: 08:00-20:00; Чт: 08:00-20:00; Пт: 08:00-20:00; Сб: 08:00-20:00; Вс: 08:00-20:00,+04:00,4.9,20,89270000388 (единый номер),,,,http://cupcup.uds.app/c,,,,,,,,,,,,53.224401,50.192987,https://2gis.com/firm/70000001066199651,branch
Vandal coffee,точка кофе с собой,Кофейни,"Куйбышева, 73/1",,443099,,Самарский район,Самара,Самара городской округ,Самарская область,Россия,Пн: 08:00-22:00; Вт: 08:00-22:00; Ср: 08:00-22:00; Чт: 08:00-22:00; Пт: 08:00-22:00; Сб: 08:00-22:00; Вс: 08:00-22:00,+04:00,5.0,78,,,,,,,,,https://vk.com/vandalcoffeetlt,,,,,,,,53.185006,50.088367,https://2gis.com/firm/70000001076639643,branch
Cup-cup,кофе-бар,Кофейни; Продажа кофе; Кондитерские изделия; Безалкогольные напитки,"улица Антонова-Овсеенко, 44Б",центр Миллион,443090,,Советский район,Самара,Самара городской округ,Самарская область,Россия,Пн: 08:00-19:00; Вт: 08:00-19:00; Ср: 08:00-19:00; Чт: 08:00-19:00; Пт: 08:00-19:00; Сб: 08:00-19:00,+04:00,5.0,12,89270000388 (единый номер),,,,http://cupcup.uds.app/c,,,,,,,,,,,,53.212898,50.215806,https://2gis.com/firm/70000001062585396,branch
Дача,бистро,Кофейни; Кафе,"Максима Горького, 1а",,443010,,Ленинский район,Самара,Самара городской округ,Самарская область,Россия,Пн: 10:00-23:00; Вт: 10:00-23:00; Ср: 10:00-23:00; Чт: 10:00-23:00; Пт: 10:00-23:00; Сб: 10:00-23:00; Вс: 10:00-23:00,+04:00,4.7,37,89874337723,,,,,,,,https://vk.com/dacha_bistro,,,,,,,,53.199117,50.094172,https://2gis.com/firm/70000001062334926,branch
Coffee inn,кофейня,Кофейни,"Чапаевская, 232",1 этаж,443010,,Ленинский район,Самара,Самара городской округ,Самарская область,Россия,Пн: 08:00-20:00; Вт: 08:00-20:00; Ср: 08:00-20:00; Чт: 08:00-20:00; Пт: 08:00-20:00; Сб: 10:00-20:00,+04:00,5.0,51,89198001949,,,,,,,,,,,,,,,,53.20039,50.102697,https://2gis.com/firm/70000001025492267,branch
New coffee,кофейня,Кофейни; Кондитерские изделия; Доставка еды,"Московское шоссе, 205",1 этаж,443095,14-й м-н,Кировский район,Самара,Самара городской округ,Самарская область,Россия,Пн: 10:00-22:00; Вт: 10:00-22:00; Ср: 10:00-22:00; Чт: 10:00-22:00; Пт: 10:00-22:00; Сб: 10:00-22:00; Вс: 10:00-22:00,+04:00,4.1,68,89370705632,,,,,,,,,,,,,,,,53.258208,50.23574,https://2gis.com/firm/70000001044874988,branch
Shu Authentic Coffee,кофейня,Кофейни; Кафе-кондитерские,"Ленинградская улица, 28а",1 этаж,443099,,Самарский район,Самара,Самара городской округ,Самарская область,Россия,Пн: 08:00-20:00; Вт: 08:00-20:00; Ср: 08:00-20:00; Чт: 08:00-20:00; Пт: 08:00-20:00; Сб: 10:00-20:00; Вс: 10:00-20:00,+04:00,5.0,24,89277104782,,,,,,,,,,,,,,,,53.187976,50.089842,https://2gis.com/firm/70000001067355800,branch
Cup-cup,кофе-бар,Кофейни; Продажа кофе; Кондитерские изделия; Безалкогольные напитки,"Московское шоссе, 4 к4",1 этаж,443013,,Октябрьский район,Самара,Самара городской округ,Самарская область,Россия,Пн: 08:00-20:00; Вт: 08:00-20:00; Ср: 08:00-20:00; Чт: 08:00-20:00; Пт: 08:00-20:00; Сб: 08:00-20:00; Вс: 08:00-20:00,+04:00,4.9,354,89270000388 (единый номер),,,,http://cupcup.uds.app/c,,,,,,,,,,,,53.204068,50.14842,https://2gis.com/firm/70000001059201399,branch
Своя тарелка,евростоловая,Кофейни; Кулинарии,"Самарская улица, 148",1 этаж,443010,,Ленинский район,Самара,Самара городской округ,Самарская область,Россия,Пн: 07:00-21:00; Вт: 07:00-21:00; Ср: 07:00-21:00; Чт: 07:00-21:00; Пт: 07:00-21:00; Сб: 10:00-21:00; Вс: 10:00-21:00,+04:00,4.3,44,88462010199 (единый номер: пн-пт 9:00-16:00),,,,http://svoya-tarelka.ru,,,,,,,,,,,,53.19635,50.107485,https://2gis.com/firm/70000001067950149,branch
Вкус жизни,кафе,Кофейни,"Стара Загора, 52",1 этаж,443090,,Октябрьский район,Самара,Самара городской округ,Самарская область,Россия,Пн: 10:00-20:00; Вт: 10:00-20:00; Ср: 10:00-20:00; Чт: 10:00-20:00; Пт: 10:00-20:00; Сб: 10:00-20:00; Вс: 10:00-20:00,+04:00,4.4,7,88462282503,,,,http://realchoco.ru,,,,https://vk.com/realchoco,,,,,,,,53.224417,50.196829,https://2gis.com/firm/70000001017433751,branch
Булка нетто,пекарня,Кофейни; Пекарни; Доставка еды,"Молодогвардейская улица, 166",1 этаж,443010,,Ленинский район,Самара,Самара городской округ,Самарская область,Россия,Пн: 08:00-20:00; Вт: 08:00-20:00; Ср: 08:00-20:00; Чт: 08:00-20:00; Пт: 08:00-20:00; Сб: 08:00-20:00; Вс: 09:00-18:00,+04:00,3.4,8,88462140425,,,,,,,,,,,,,,,,53.198305,50.103703,https://2gis.com/firm/70000001056679715,branch
Маруся,кондитерская,Кофейни; Кондитерские изделия,"1-й квартал, 34",1 этаж,443028,Мехзавод пос.,Красноглинский район,Самара,Самара городской округ,Самарская область,Россия,Пн: 09:00-21:00; Вт: 09:00-21:00; Ср: 09:00-21:00; Чт: 09:00-21:00; Пт: 09:00-21:00; Сб: 09:00-21:00; Вс: 09:00-21:00,+04:00,4.9,18,89613910022,,,,http://t.me/marusy_cake63,,,,,https://wa.me/79613910022,,viber://chat/?number=79613910022,,https://t.me/+79613910022,,,53.308983,50.285519,https://2gis.com/firm/70000001090402903,branch
Cup-cup,кофе-бар,Кофейни; Продажа кофе; Кондитерские изделия; Безалкогольные напитки,"Галактионовская, 157",1 этаж,443001,,Ленинский район,Самара,Самара городской округ,Самарская область,Россия,Пн: 08:00-19:00; Вт: 08:00-19:00; Ср: 08:00-19:00; Чт: 08:00-19:00; Пт: 08:00-19:00,+04:00,4.9,24,89270000388 (единый номер),,,,http://cupcup.uds.app/c,,,,,,,,,,,,53.198387,50.106853,https://2gis.com/firm/70000001046030236,branch
Мечтатели,кофейня,Кофейни,"Полевая, 59",,443001,,Ленинский район,Самара,Самара городской округ,Самарская область,Россия,Пн: 08:00-20:00; Вт: 08:00-20:00; Ср: 08:00-20:00; Чт: 08:00-20:00; Пт: 08:00-20:00; Сб: 09:00-20:00; Вс: 09:00-20:00,+04:00,5.0,3,89275000308,,,,,,,,,,,,,,,,53.20278,50.126157,https://2gis.com/firm/70000001093470104,branch
Вкус жизни,кафе,Кофейни,"Садовая, 256",1 этаж,443001,,Ленинский район,Самара,Самара городской округ,Самарская область,Россия,Пн: 10:00-20:00; Вт: 10:00-20:00; Ср: 10:00-20:00; Чт: 10:00-20:00; Пт: 10:00-20:00; Сб: 10:00-20:00; Вс: 10:00-20:00,+04:00,4.8,6,88462050709,89276891515,,,http://realchoco.ru,,,,https://vk.com/realchoco,,,,,,,,53.202187,50.119962,https://2gis.com/firm/2533804071442452,branch
Coffee mem`s,,Кофейни; Продажа кофе; Кондитерские изделия,"улица Антонова-Овсеенко, 20",1 этаж,443080,,Советский район,Самара,Самара городской округ,Самарская область,Россия,Пн: 09:00-22:00; Вт: 09:00-22:00; Ср: 09:00-22:00; Чт: 09:00-22:00; Пт: 09:00-22:00; Сб: 10:00-22:00; Вс: 10:00-22:00,+04:00,4.5,45,,,,,,,,,,https://wa.me/79879074848,,,,https://t.me/+79879074848,,,53.212697,50.20207,https://2gis.com/firm/70000001065141189,branch
Кофейная поляна,,Кофейни,"Московское шоссе, 15е",,443080,,Октябрьский район,Самара,Самара городской округ,Самарская область,Россия,Пн: 09:00-20:00; Вт: 09:00-20:00; Ср: 09:00-20:00; Чт: 09:00-20:00; Пт: 09:00-20:00; Сб: 09:00-20:00; Вс: 09:00-20:00,+04:00,4.7,36,89377947424,,,,,,,,,https://wa.me/79377947424,,,,,,,53.213266,50.182972,https://2gis.com/firm/70000001030230639,branch
Cup-cup,кофе-бар,Кофейни; Продажа кофе; Кондитерские изделия; Безалкогольные напитки,"улица Физкультурная, 90",1 этаж,443058,Безымянка м-н,Советский район,Самара,Самара городской округ,Самарская область,Россия,Пн: 08:00-19:00; Вт: 08:00-19:00; Ср: 08:00-19:00; Чт: 08:00-19:00; Пт: 08:00-19:00,+04:00,4.9,20,89272602914,,,,http://cupcup.uds.app/c,,,,,https://wa.me/79270000388,,,,,,,53.209904,50.246404,https://2gis.com/firm/70000001044443041,branch
У Палыча,бутик шоколада,Кофейни; Кондитерские изделия,"Галактионовская, 106а",1 этаж,443001,,Ленинский район,Самара,Самара городской округ,Самарская область,Россия,Пн: 09:00-21:00; Вт: 09:00-21:00; Ср: 09:00-21:00; Чт: 09:00-21:00; Пт: 09:00-21:00; Сб: 10:00-21:00; Вс: 10:00-21:00,+04:00,,,88005558163,,,,http://palich.ru,,,,https://vk.com/palichtm,,,,,https://t.me/palichtm,,,53.19964,50.106899,https://2gis.com/firm/70000001057601148,branch
LO,кофейня,Кофейни,"Врубеля, 15",1 этаж; вход со двора,443086,,Октябрьский район,Самара,Самара городской округ,Самарская область,Россия,Пн: 09:00-21:00; Вт: 09:00-21:00; Ср: 09:00-21:00; Чт: 09:00-21:00; Пт: 09:00-21:00; Сб: 09:00-21:00; Вс: 09:00-21:00,+04:00,4.6,36,89277621112,,,,,,,,https://vk.com/lo_coffee_samara,https://wa.me/79277621112,,viber://chat/?number=79277621112,,https://t.me/+79277621112,,,53.218881,50.168295,https://2gis.com/firm/70000001076215556,branch
Cup-cup,кофе-бар,Кофейни; Продажа кофе; Кондитерские изделия; Безалкогольные напитки,"Московское шоссе, 4 ст9",1 этаж,443013,,Октябрьский район,Самара,Самара городской округ,Самарская область,Россия,Пн: 08:00-20:00; Вт: 08:00-20:00; Ср: 08:00-20:00; Чт: 08:00-20:00; Пт: 08:00-20:00; Сб: 08:00-20:00; Вс: 08:00-20:00,+04:00,5.0,21,89270000388 (единый номер),,,,http://cupcup.uds.app/c,,,,,,,,,,,,53.204735,50.145068,https://2gis.com/firm/70000001063502816,branch
Coffee Deli,кофейня,Кофейни,"Ленинградская улица, 86",1 этаж,443020,,Самарский район,Самара,Самара городской округ,Самарская область,Россия,Пн: 09:00-21:00; Вт: 09:00-21:00; Ср: 09:00-21:00; Чт: 09:00-21:00; Пт: 09:00-21:00; Сб: 09:00-21:00; Вс: 09:00-21:00,+04:00,4.3,30,89681025233,,,,http://t.me/delisamara,,,,,https://wa.me/79681025233,,,,,,,53.185072,50.101636,https://2gis.com/firm/70000001066927703,branch
Cup-cup,кофе-бар,Кофейни; Безалкогольные напитки; Кондитерские изделия; Продажа кофе,"улица Ленинская, 168",,443041,,Ленинский район,Самара,Самара городской округ,Самарская область,Россия,Пн: 08:00-20:00; Вт: 08:00-20:00; Ср: 08:00-20:00; Чт: 08:00-20:00; Пт: 08:00-20:00; Сб: 08:00-20:00; Вс: 08:00-20:00,+04:00,5.0,2,89270000388 (единый номер),,,,http://cupcup.uds.app/c,,,,,,,,,,,,53.195113,50.111601,https://2gis.com/firm/70000001089520878,branch
Coffee Cup,кофейня,Кофейни; Кондитерские изделия,"улица Николая Баженова, 7",1 этаж,443028,Мехзавод пос.,Красноглинский район,Самара,Самара городской округ,Самарская область,Россия,Пн: 10:00-21:00; Вт: 10:00-21:00; Ср: 10:00-21:00; Чт: 10:00-21:00; Пт: 10:00-21:00; Сб: 10:00-21:00; Вс: 10:00-21:00,+04:00,4.4,10,89171472206,,,,,,,,https://vk.com/coffeecup_samara,https://wa.me/79171472206,,viber://chat/?number=79171472206,,https://t.me/+79171472206,,,53.306108,50.285201,https://2gis.com/firm/70000001089663351,branch
Cup-cup,кофе-бар,Кофейни; Продажа кофе; Кондитерские изделия; Безалкогольные напитки,"улица Мичурина, 52",1 этаж,443096,,Октябрьский район,Самара,Самара городской округ,Самарская область,Россия,Пн: 08:00-19:00; Вт: 08:00-19:00; Ср: 08:00-19:00; Чт: 08:00-19:00; Пт: 08:00-19:00,+04:00,4.8,31,89270000388 (единый номер),,,,http://cupcup.uds.app/c,,,,,,,,,,,,53.202316,50.136404,https://2gis.com/firm/70000001039246475,branch
Pluma,кофейня,Кофейни,"Южное шоссе, 9",,443085,,Куйбышевский район,Самара,Самара городской округ,Самарская область,Россия,Пн: 08:00-21:00; Вт: 08:00-21:00; Ср: 08:00-21:00; Чт: 08:00-21:00; Пт: 08:00-21:00; Сб: 09:00-22:00; Вс: 09:00-22:00,+04:00,5.0,1,,,,,,,,,,,,,,,,,53.136185,50.168788,https://2gis.com/firm/70000001093690210,branch
Cup-cup,кофе-бар,Кофейни; Продажа кофе; Кондитерские изделия; Безалкогольные напитки,"улица Ново-Садовая, 307а",1 этаж; холл,443011,,Промышленный район,Самара,Самара городской округ,Самарская область,Россия,Пн: 08:00-19:00; Вт: 08:00-19:00; Ср: 08:00-19:00; Чт: 08:00-19:00; Пт: 08:00-19:00,+04:00,4.9,8,89270000388 (единый номер),,,,http://cupcup.uds.app/c,,,,,,,,,,,,53.236296,50.19247,https://2gis.com/firm/70000001067281744,branch
Capucino cup,кофейня,Кофейни; Кондитерские изделия; Хлебобулочные изделия; Продажа кофе; Доставка еды,"6-я просека, 165Б",,443124,,Промышленный район,Самара,Самара городской округ,Самарская область,Россия,Пн: 07:00-22:00; Вт: 07:00-22:00; Ср: 07:00-22:00; Чт: 07:00-22:00; Пт: 07:00-22:00; Сб: 07:00-22:00; Вс: 07:00-22:00,+04:00,4.7,29,89277588130,,,,,,,,,https://wa.me/79277588130,,,,,,,53.242762,50.189612,https://2gis.com/firm/70000001028012081,branch
Bonfix,кофейня,Кофейни,"улица Аэродромная, 47а",3 корпус; 2 этаж,443070,,Железнодорожный район,Самара,Самара городской округ,Самарская область,Россия,Пн: 10:00-22:00; Вт: 10:00-22:00; Ср: 10:00-22:00; Чт: 10:00-22:00; Пт: 10:00-22:00; Сб: 10:00-22:00; Вс: 10:00-22:00,+04:00,4.3,44,89171106032,,,,,,,,,https://wa.me/79171106032,,,,,,,53.189935,50.190175,https://2gis.com/firm/70000001035843696,branch
Uco cafe,,Кофейни; Кондитерские изделия; Продажа кофе,,,446394,,,,Красноярский район,Самарская область,Россия,Пн: 08:00-20:00; Вт: 08:00-20:00; Ср: 08:00-20:00; Чт: 08:00-20:00; Пт: 08:00-20:00; Сб: 08:00-20:00; Вс: 08:00-20:00,+04:00,4.5,12,89178138354 (руководитель),89879076728 (предварительный заказ),,,,,,,,https://wa.me/79178138354,,,,,,,53.426342,50.121738,https://2gis.com/firm/70000001067957845,branch
Groz coffee,,Кофейни,"улица 22 Партсъезда, 11",1 этаж,443083,Безымянка м-н,Советский район,Самара,Самара городской округ,Самарская область,Россия,Пн: 07:00-22:00; Вт: 07:00-22:00; Ср: 07:00-22:00; Чт: 07:00-22:00; Пт: 07:00-22:00; Сб: 10:00-22:00; Вс: 10:00-22:00,+04:00,4.8,38,,,,,,,,,https://vk.com/groz.coffee,,,,,,,,53.207167,50.235231,https://2gis.com/firm/70000001074436504,branch
33 пингвина,кафе-мороженое,Кофейни; Мороженое,"Дачная, 2 к1",3 этаж,443013,,Ленинский район,Самара,Самара городской округ,Самарская область,Россия,Пн: 10:00-20:00; Вт: 10:00-20:00; Ср: 10:00-20:00; Чт: 10:00-20:00; Пт: 10:00-20:00; Сб: 10:00-20:00; Вс: 10:00-20:00,+04:00,4.7,14,88001005033 (горячая линия: круглосуточно),,,,http://33pingvina.ru,,,,https://vk.com/33pingvinavsamare,,,,,,,,53.202289,50.140233,https://2gis.com/firm/70000001066944975,branch
Бодрая сова,кофейня,Кофейни,"1-й квартал, 38",1 этаж,443028,Мехзавод пос.,Красноглинский район,Самара,Самара городской округ,Самарская область,Россия,Пн: 07:00-20:00; Вт: 07:00-20:00; Ср: 07:00-20:00; Чт: 07:00-20:00; Пт: 07:00-20:00; Сб: 09:00-20:00; Вс: 09:00-20:00,+04:00,4.8,49,89376535361,,,,,,,,https://vk.com/bodrayasova63,https://wa.me/79376535361,,viber://chat/?number=79376535361,,https://t.me/+79376535361,,,53.30851,50.288848,https://2gis.com/firm/70000001036564046,branch
Cofix,кофейня,Кофейни,"Московское шоссе 18 километр, 23",2 этаж; напротив Самарские термы,443028,,Кировский район,Самара,Самара городской округ,Самарская область,Россия,Пн: 10:00-22:00; Вт: 10:00-22:00; Ср: 10:00-22:00; Чт: 10:00-22:00; Пт: 10:00-22:00; Сб: 10:00-22:00; Вс: 10:00-22:00,+04:00,,,,,,,http://cofix.global,,,,https://vk.com/cofixrussia,,,,,https://t.me/cofix_russia,,,53.274534,50.269421,https://2gis.com/firm/70000001093361628,branch
Кофейня №2,,Кофейни,"Московское шоссе, 41",1 этаж,443080,,Октябрьский район,Самара,Самара городской округ,Самарская область,Россия,Пн: 08:00-18:00; Вт: 08:00-18:00; Ср: 08:00-18:00; Чт: 08:00-18:00; Пт: 08:00-18:00,+04:00,3.6,14,,,,,,,,,https://vk.com/public182766750,,,,,,,,53.222141,50.190864,https://2gis.com/firm/2533804071780014,branch
Cup-cup,кофе-бар,Кофейни,"Скляренко, 26",1 этаж,443086,,Октябрьский район,Самара,Самара городской округ,Самарская область,Россия,Пн: 08:00-19:00; Вт: 08:00-19:00; Ср: 08:00-19:00; Чт: 08:00-19:00; Пт: 08:00-19:00,+04:00,5.0,1,89270000388 (единый номер),,,,http://cupcup.uds.app/c,,,,,,,,,,,,53.216403,50.160885,https://2gis.com/firm/70000001090244343,branch
от Barista,кофейня,Кофейни,"проспект Кирова, 147",4 этаж,443077,Безымянка м-н,Кировский район,Самара,Самара городской округ,Самарская область,Россия,Пн: 10:00-22:00; Вт: 10:00-22:00; Ср: 10:00-22:00; Чт: 10:00-22:00; Пт: 10:00-22:00; Сб: 10:00-22:00; Вс: 10:00-22:00,+04:00,4.8,91,89379840843,,,,,,,,,,,,,,,,53.221009,50.262688,https://2gis.com/firm/70000001029183984,branch
Cup-cup,кофе-бар,Кофейни; Продажа кофе; Кондитерские изделия; Безалкогольные напитки,"Дачная, 24",1 этаж,443013,,Ленинский район,Самара,Самара городской округ,Самарская область,Россия,Пн: 08:00-19:00; Вт: 08:00-19:00; Ср: 08:00-19:00; Чт: 08:00-19:00; Пт: 08:00-19:00,+04:00,5.0,27,89270000388 (единый номер),,,,http://cupcup.uds.app/c,,,,,,,,,,,,53.19856,50.144923,https://2gis.com/firm/70000001039246434,branch
Marmelabus,магазин,Кофейни; Кондитерские изделия,"Красноармейская улица, 131",3 этаж,443030,,Железнодорожный район,Самара,Самара городской округ,Самарская область,Россия,Пн: 10:00-22:00; Вт: 10:00-22:00; Ср: 10:00-22:00; Чт: 10:00-22:00; Пт: 10:00-22:00; Сб: 10:00-22:00; Вс: 10:00-22:00,+04:00,,,,,,,http://t.me/marmelabus,,,,,,,,,,,,53.186414,50.129552,https://2gis.com/firm/70000001090354302,branch
Кофейное дерево,кофейня,Кофейни,"бульвар Засамарская слобода, 7",,443032,,Куйбышевский район,Самара,Самара городской округ,Самарская область,Россия,Пн: 08:00-20:00; Вт: 08:00-20:00; Ср: 08:00-20:00; Чт: 08:00-20:00; Пт: 08:00-20:00; Сб: 10:00-19:00; Вс: 10:00-19:00,+04:00,4.9,28,89170331413,,,,,,,,https://vk.com/kofeinoedrevo63,https://wa.me/79170331413,,,,,,,53.147917,50.081094,https://2gis.com/firm/70000001067014945,branch
LucasKitchen,магазин готовой еды,Кофейни; Доставка еды; Кондитерские изделия,"улица Ново-Садовая, 106н",1 этаж,443068,,Октябрьский район,Самара,Самара городской округ,Самарская область,Россия,Пн: 08:00-23:00; Вт: 08:00-23:00; Ср: 08:00-23:00; Чт: 08:00-23:00; Пт: 08:00-23:00; Сб: 10:00-23:00; Вс: 10:00-23:00,+04:00,4.0,2,,,,,http://lucas-kitchen.ru,,,,,,,,,,,,53.221987,50.153413,https://2gis.com/firm/70000001083737319,branch
от Barista,кофейня,Кофейни,"Московское шоссе, 205",3 этаж,443095,14-й м-н,Кировский район,Самара,Самара городской округ,Самарская область,Россия,Пн: 10:00-22:00; Вт: 10:00-22:00; Ср: 10:00-22:00; Чт: 10:00-22:00; Пт: 10:00-22:00; Сб: 10:00-22:00; Вс: 10:00-22:00,+04:00,4.7,135,89379840843,,,,,,,,,,,,,,,,53.257674,50.235706,https://2gis.com/firm/70000001059737957,branch
Coffetino,,Кофейни,"Аэропорт Курумоч, лит26",3 этаж,443901,Берёза рабочий пос.,Красноглинский район,Самара,Самара городской округ,Самарская область,Россия,Пн: 00:00-24:00; Вт: 00:00-24:00; Ср: 00:00-24:00; Чт: 00:00-24:00; Пт: 00:00-24:00; Сб: 00:00-24:00; Вс: 00:00-24:00,+04:00,4.6,28,89179798754,,,,,,,,,https://wa.me/79179798754,,,,,,,53.512239,50.158188,https://2gis.com/firm/70000001069870498,branch
Cofix,кофейня,Кофейни,"Московское шоссе 24 км, 5",,443075,,Красноглинский район,Самара,Самара городской округ,Самарская область,Россия,Пн: 10:00-22:00; Вт: 10:00-22:00; Ср: 10:00-22:00; Чт: 10:00-22:00; Пт: 10:00-22:00; Сб: 10:00-22:00; Вс: 10:00-22:00,+04:00,5.0,1,,,,,http://cofix.global,,,,https://vk.com/cofixrussia,,,,,https://t.me/cofix_russia,,,53.326095,50.30526,https://2gis.com/firm/70000001093361674,branch
Coffetino,,Кофейни,"Аэропорт Курумоч, лит26",1 этаж,443901,Берёза рабочий пос.,Красноглинский район,Самара,Самара городской округ,Самарская область,Россия,Пн: 00:00-24:00; Вт: 00:00-24:00; Ср: 00:00-24:00; Чт: 00:00-24:00; Пт: 00:00-24:00; Сб: 00:00-24:00; Вс: 00:00-24:00,+04:00,4.5,106,89179798754,,,,,,,,,https://wa.me/79179798754,,,,,,,53.512656,50.156469,https://2gis.com/firm/70000001060499813,branch
Delicato,кофейня,Кофейни,"Московское шоссе, 4а ст2",2 этаж,443013,,Октябрьский район,Самара,Самара городской округ,Самарская область,Россия,Пн: 08:30-19:00; Вт: 08:30-19:00; Ср: 08:30-19:00; Чт: 08:30-19:00; Пт: 08:30-19:00; Сб: 10:00-15:00,+04:00,4.4,7,,,,,,,,,,,,,,,,,53.203294,50.145036,https://2gis.com/firm/70000001031651648,branch
Cofix,кофейня,Кофейни,"проспект Кирова, 147",1 этаж,443077,Безымянка м-н,Кировский район,Самара,Самара городской округ,Самарская область,Россия,Пн: 10:00-22:00; Вт: 10:00-22:00; Ср: 10:00-22:00; Чт: 10:00-22:00; Пт: 10:00-22:00; Сб: 10:00-22:00; Вс: 10:00-22:00,+04:00,4.2,9,,,,9011vivaland@ru.cofix.store,http://cofix.global,,,,https://vk.com/cofixrussia,,,,,https://t.me/cofix_russia,,,53.220593,50.26195,https://2gis.com/firm/70000001066997031,branch
Paolo Coffee,,Кофейни; Кондитерские изделия,"Московское шоссе, лит Д",1 этаж,443013,,Октябрьский район,Самара,Самара городской округ,Самарская область,Россия,Пн: 09:00-19:00; Вт: 09:00-19:00; Ср: 09:00-19:00; Чт: 09:00-19:00; Пт: 09:00-19:00; Сб: 09:00-19:00,+04:00,5.0,7,,,,,,,,,,https://wa.me/79379893399,,viber://chat/?number=79379893399,,https://t.me/+79379893399,,,53.204417,50.145398,https://2gis.com/firm/70000001067629205,branch
Cofix,кофейня,Кофейни,"Южное шоссе, 5",1 этаж,443085,,Куйбышевский район,Самара,Самара городской округ,Самарская область,Россия,Пн: 10:00-22:00; Вт: 10:00-22:00; Ср: 10:00-22:00; Чт: 10:00-22:00; Пт: 10:00-22:00; Сб: 10:00-22:00; Вс: 10:00-22:00,+04:00,2.5,18,,,,9013yuzhnoye@ru.cofix.store,http://cofix.global,,,,https://vk.com/cofixrussia,,,,,https://t.me/cofix_russia,,,53.140017,50.174247,https://2gis.com/firm/70000001070506796,branch
Юни ,эспрессо-бар,Кофейни; Кондитерские изделия,"Куйбышева, 118/1 киоск",,443010,,Ленинский район,Самара,Самара городской округ,Самарская область,Россия,Пн: 08:00-20:00; Вт: 08:00-20:00; Ср: 08:00-20:00; Чт: 08:00-20:00; Пт: 08:00-20:00; Сб: 10:00-22:00; Вс: 10:00-22:00,+04:00,5.0,1,89371846464,,,,,,,,https://vk.com/kofeinoedrevo63,https://wa.me/79371846464,,,,https://t.me/+79371846464,,,53.192811,50.092169,https://2gis.com/firm/70000001090099517,branch
Прихожка,кофейня,Кофейни,"Ленинградская улица, 77",1 этаж,443020,,Самарский район,Самара,Самара городской округ,Самарская область,Россия,Пн: 10:00-20:00; Вт: 10:00-20:00; Ср: 10:00-20:00; Чт: 10:00-20:00; Пт: 10:00-20:00; Сб: 10:00-20:00; Вс: 10:00-20:00,+04:00,,,,,,,,,,,https://vk.com/prikhozhka77,,,,,,,,53.184832,50.101636,https://2gis.com/firm/70000001068172367,branch
Корж,кофейня,Кофейни; Доставка еды,"Самарская улица, 270",1 этаж,443100,,Ленинский район,Самара,Самара городской округ,Самарская область,Россия,Пн: 07:30-22:00; Вт: 07:30-22:00; Ср: 07:30-22:00; Чт: 07:30-22:00; Пт: 07:30-22:00; Сб: 07:30-22:00; Вс: 07:30-22:00,+04:00,4.7,147,88462557707,,,,http://korzhcoffee.ru,,,https://twitter.com/korzh_real,https://vk.com/korzh_coffee,,,,,,,,53.205133,50.123167,https://2gis.com/firm/70000001043471927,branch
Coffeeshop company,,Кофейни,"Аэропорт Курумоч, лит26",3 этаж; зона международных рейсов,443901,Берёза рабочий пос.,Красноглинский район,Самара,Самара городской округ,Самарская область,Россия,Пн: 00:00-24:00; Вт: 00:00-24:00; Ср: 00:00-24:00; Чт: 00:00-24:00; Пт: 00:00-24:00; Сб: 00:00-24:00; Вс: 00:00-24:00,+04:00,3.7,3,89277303090,,,,,,,,,https://wa.me/79277303090,,,,,,,53.511873,50.157321,https://2gis.com/firm/70000001077179463,branch
Точка бодрости,,Кофейни,"улица Советской Армии, 181д/3",,443090,,Промышленный район,Самара,Самара городской округ,Самарская область,Россия,Пн: 11:00-22:00; Вт: 11:00-22:00; Ср: 11:00-22:00; Чт: 11:00-22:00; Пт: 11:00-22:00; Сб: 11:00-22:00; Вс: 11:00-22:00,+04:00,4.8,72,,,,,,,,,,,,,,,,,53.229551,50.198492,https://2gis.com/firm/70000001029429571,branch
Galileo,кофейня,Кофейни; Кулинарии,"Московское шоссе, 106",1 этаж,443011,,Октябрьский район,Самара,Самара городской округ,Самарская область,Россия,Пн: 09:30-19:30; Вт: 09:30-19:30; Ср: 09:30-19:30; Чт: 09:30-19:30; Пт: 09:30-19:30; Сб: 09:30-19:30; Вс: 09:30-19:30,+04:00,3.0,2,,,,,,,,,,,,,,,,,53.223515,50.19036,https://2gis.com/firm/70000001066009022,branch
#Кофе163,мини-кофейня,Кофейни; Продажа кофе,"Молодогвардейская улица, 204",1 этаж,443001,,Ленинский район,Самара,Самара городской округ,Самарская область,Россия,Пн: 08:00-19:00; Вт: 08:00-19:00; Ср: 08:00-19:00; Чт: 08:00-19:00; Пт: 08:00-19:00; Сб: 09:00-18:00,+04:00,4.6,9,89277376739 (единый номер: пн-вс 10:00-19:00),,,,,,,,https://vk.com/coffee_163,https://wa.me/79277376739,,,,,,,53.201932,50.109041,https://2gis.com/firm/70000001018893733,branch
Friend coffee,уличная кофейня,Кофейни,"улица Ново-Садовая, 44",1 этаж,443110,,Октябрьский район,Самара,Самара городской округ,Самарская область,Россия,Пн: 07:30-19:30; Вт: 07:30-19:30; Ср: 07:30-19:30; Чт: 07:30-19:30; Пт: 07:30-19:30,+04:00,4.0,5,89171101777,,,,http://friend-coffee.ru,,,,https://vk.com/myfriendcoffee,https://wa.me/79171101777,,,,,,,53.21315,50.141148,https://2gis.com/firm/70000001025624554,branch
Кофейня №2,,Кофейни,"Буянова, 1",1 этаж,443041,,Железнодорожный район,Самара,Самара городской округ,Самарская область,Россия,Пн: 08:00-17:00; Вт: 08:00-17:00; Ср: 08:00-17:00; Чт: 08:00-17:00; Пт: 08:00-17:00; Сб: 10:00-14:00,+04:00,5.0,5,,,,,,,,,https://vk.com/public182766750,,,,,,,,53.186407,50.114275,https://2gis.com/firm/70000001018262402,branch
Bob pizza,кофейня,Кофейни,"Заводская, 20а",,446394,,,,Красноярский район,Самарская область,Россия,Пн: 08:00-19:00; Вт: 08:00-19:00; Ср: 08:00-19:00; Чт: 08:00-19:00; Пт: 08:00-21:00; Сб: 08:00-21:00; Вс: 08:00-21:00,+04:00,,,89025814970,,,,,,,,,https://wa.me/79025814970,,,,,,,53.433714,50.095451,https://2gis.com/firm/70000001090526877,branch
Кофейку?,кофейня,Кофейни,"улица Мичурина, 78",1 этаж,443110,,Октябрьский район,Самара,Самара городской округ,Самарская область,Россия,Пн: 08:00-16:00; Вт: 08:00-16:00; Ср: 08:00-16:00; Чт: 08:00-16:00; Пт: 08:00-16:00,+04:00,3.0,2,88462051214,,,,,,,,,,,,,,,,53.205763,50.144159,https://2gis.com/firm/70000001079809874,branch
Кофейня,,Кофейни,"Георгия Димитрова улица, 1а",1 этаж,443095,14-й м-н,Кировский район,Самара,Самара городской округ,Самарская область,Россия,Пн: 09:00-19:00; Вт: 09:00-19:00; Ср: 09:00-19:00; Чт: 09:00-19:00; Пт: 09:00-19:00; Сб: 09:00-19:00; Вс: 09:00-19:00,+04:00,4.1,18,89645392172,,,,,,,,,https://wa.me/79645392172,,viber://chat/?number=79645392172,,,,,53.250545,50.243676,https://2gis.com/firm/70000001038297801,branch
Кофейня,,Кофейни,"Фасадная, 28",1 этаж,443065,Соцгород м-н,Куйбышевский район,Самара,Самара городской округ,Самарская область,Россия,Пн: 07:30-20:30; Вт: 07:30-20:30; Ср: 07:30-20:30; Чт: 07:30-20:30; Пт: 07:30-20:30; Сб: 10:30-20:00; Вс: 10:00-20:00,+04:00,4.2,29,,,,,,,,,,,,,,,,,53.118429,50.084187,https://2gis.com/firm/70000001036018519,branch
Cofico,кофейня,Кофейни,"Садовая, 177",1 этаж,443041,,Ленинский район,Самара,Самара городской округ,Самарская область,Россия,Пн: 08:00-16:30; Вт: 08:00-16:30; Ср: 08:00-16:30; Чт: 08:00-16:30; Пт: 08:00-16:30,+04:00,,,89379966196,,,,,,,,,https://wa.me/79379966196,,,,,,,53.195421,50.110614,https://2gis.com/firm/70000001057301804,branch
Something,кофейня,Кофейни,"Долотный переулок, 11",1 этаж,443065,Соцгород м-н,Куйбышевский район,Самара,Самара городской округ,Самарская область,Россия,Пн: 10:00-20:00; Вт: 10:00-20:00; Ср: 10:00-20:00; Чт: 10:00-20:00; Пт: 10:00-20:00; Сб: 10:00-20:00; Вс: 10:00-20:00,+04:00,5.0,16,89297013589,,,,,,,,,,,,,,,,53.120296,50.083742,https://2gis.com/firm/70000001061437008,branch
#Кофе163,мини-кофейня,Кофейни; Продажа кофе; Продажа чая,"улица Ново-Садовая, 181р",3 этаж,443027,,Октябрьский район,Самара,Самара городской округ,Самарская область,Россия,Пн: 08:00-20:00; Вт: 08:00-20:00; Ср: 08:00-20:00; Чт: 08:00-20:00; Пт: 08:00-20:00; Сб: 08:00-20:00; Вс: 08:00-20:00,+04:00,4.6,9,89277376739 (единый номер: пн-вс 10:00-19:00),,,,,,,,https://vk.com/coffee_163,,,,,,,,53.219234,50.164261,https://2gis.com/firm/70000001018894203,branch
hoba,,Кофейни,"Высоцкого, 10",1 этаж,443020,,Самарский район,Самара,Самара городской округ,Самарская область,Россия,Пн: 12:00-22:00; Вт: 12:00-22:00; Ср: 12:00-22:00; Чт: 12:00-22:00; Пт: 12:00-22:00; Сб: 12:00-23:00; Вс: 12:00-23:00,+04:00,,,89171232662,,,,http://t.me/hobasmr,,,,,https://wa.me/79171232662,,,,,,,53.186667,50.100127,https://2gis.com/firm/70000001093625178,branch
Соседи,,Кофейни; Точки кофе,"Куйбышева, 84",1 этаж; напротив магазина Рив Гош,443099,,Самарский район,Самара,Самара городской округ,Самарская область,Россия,Пн: 10:00-19:00; Вт: 10:00-19:00; Ср: 10:00-19:00; Чт: 10:00-19:00; Пт: 10:00-19:00; Сб: 10:00-19:00; Вс: 10:00-19:00,+04:00,5.0,3,,,,,,,,,https://vk.com/sosedi.coffee,,,,,,,,53.18851,50.089346,https://2gis.com/firm/70000001087013977,branch
Гора,фитнес-бар,Кофейни; Спортивное питание,"Красноармейская улица, 153",1 этаж; фитнс-клуб Гора,443030,,Железнодорожный район,Самара,Самара городской округ,Самарская область,Россия,Пн: 09:00-21:00; Вт: 09:00-21:00; Ср: 09:00-21:00; Чт: 09:00-21:00; Сб: 10:00-19:00; Вс: 10:00-19:00,+04:00,,,,,,,,,,,,,,,,,,,53.188641,50.131914,https://2gis.com/firm/70000001086760346,branch
Vandal coffee,,Кофейни,,,,,,Самара,Самара городской округ,Самарская область,Россия,Пн: 08:00-22:00; Вт: 08:00-22:00; Ср: 08:00-22:00; Чт: 08:00-22:00; Пт: 08:00-22:00; Сб: 08:00-22:00; Вс: 08:00-22:00,+04:00,,,,,,,,,,,,,,,,,,,,,https://2gis.com/firm/70000001076928375,branch
Rikman coffee,,Кофейни; Кондитерские изделия,"Дачная, 2 к2",1 этаж; компания Смартс,443013,,Ленинский район,Самара,Самара городской округ,Самарская область,Россия,Пн: 07:30-18:00; Вт: 07:30-18:00; Ср: 07:30-18:00; Чт: 07:30-18:00; Пт: 07:30-18:00,+04:00,4.9,25,89272166680,,,,,,,,,https://wa.me/79272166680,,,,https://t.me/rikman_coffee,https://t.me/+79272166680,,53.201404,50.141261,https://2gis.com/firm/70000001042048650,branch
icoffee,кофейня,Кофейни,"Урицкого, 19",1 этаж,443030,,Железнодорожный район,Самара,Самара городской округ,Самарская область,Россия,Пн: 08:00-17:00; Вт: 08:00-17:00; Ср: 08:00-17:00; Чт: 08:00-17:00; Пт: 08:00-17:00,+04:00,4.8,22,89377953925,,,,,,,,,,,,,,,,53.189161,50.132291,https://2gis.com/firm/70000001035052989,branch
Кофе Хаус,,Кофейни,"Волжское шоссе, 13",1 этаж,443072,Сорокины Хутора,Кировский район,Самара,Самара городской округ,Самарская область,Россия,Пн: 09:00-18:00; Вт: 09:00-18:00; Ср: 09:00-18:00; Чт: 09:00-18:00; Пт: 09:00-18:00,+04:00,1.0,2,,,,,,,,,,,,,,,,,53.297717,50.243485,https://2gis.com/firm/70000001007484679,branch
Точка бодрости,,Кофейни,"улица Советской Армии, 181/7",рядом с детской площадкой,443090,,Промышленный район,Самара,Самара городской округ,Самарская область,Россия,Пн: 11:00-22:00; Вт: 11:00-22:00; Ср: 11:00-22:00; Чт: 11:00-22:00; Пт: 11:00-22:00; Сб: 11:00-22:00; Вс: 11:00-22:00,+04:00,4.5,7,,,,,,,,,,,,,,,,,53.229183,50.201124,https://2gis.com/firm/70000001029429561,branch
Вишня,кофейня,Кофейни,"Максима Горького, 107в",1 этаж,443099,,Самарский район,Самара,Самара городской округ,Самарская область,Россия,Пн: 10:00-22:00; Вт: 10:00-22:00; Ср: 10:00-22:00; Чт: 10:00-22:00; Пт: 10:00-22:00; Сб: 10:00-22:00; Вс: 10:00-22:00,+04:00,4.0,1,89276880839,,,,,,,,,,,,,,,,53.189353,50.082012,https://2gis.com/firm/70000001032193807,branch
Buffet,,Кофейни,"Красноармейская улица, 1 к1",2 этаж,443010,,Ленинский район,Самара,Самара городской округ,Самарская область,Россия,Пн: 10:00-18:00; Вт: 10:00-18:00; Ср: 10:00-18:00; Чт: 10:00-18:00; Пт: 10:00-18:00; Сб: 10:00-18:00,+04:00,5.0,1,,,,,,,,,,,,,,,,,53.194218,50.090487,https://2gis.com/firm/70000001051315119,branch
Кофейня,,Кофейни,"Заводское шоссе, 11",1 этаж,443022,,Советский район,Самара,Самара городской округ,Самарская область,Россия,Пн: 08:30-17:00; Вт: 08:30-17:00; Ср: 08:30-17:00; Чт: 08:30-17:00; Пт: 08:30-17:00,+04:00,5.0,2,,,,,,,,,,,,,,,,,53.200274,50.261015,https://2gis.com/firm/70000001029193800,branch
Vintage coffee ,кофейня,Кофейни,"проспект Кирова, 147",4 этаж,443077,Безымянка м-н,Кировский район,Самара,Самара городской округ,Самарская область,Россия,Пн: 10:00-22:00; Вт: 10:00-22:00; Ср: 10:00-22:00; Чт: 10:00-22:00; Пт: 10:00-22:00; Сб: 10:00-22:00; Вс: 10:00-22:00,+04:00,2.7,3,89277666553,,,,,,,,,https://wa.me/79277666553,,,,,,,53.220576,50.261968,https://2gis.com/firm/70000001082426124,branch
Вали Вонко,,Кофейни; Кондитерские изделия,"улица Ново-Садовая, 30Б",Супермен,443110,,Октябрьский район,Самара,Самара городской округ,Самарская область,Россия,Пн: 08:00-20:00; Вт: 08:00-20:00; Ср: 08:00-20:00; Чт: 08:00-20:00; Пт: 08:00-20:00; Сб: 09:00-21:00; Вс: 09:00-21:00,+04:00,,,89093429775,,,,,,,,,,,,,,,,53.212842,50.136253,https://2gis.com/firm/70000001094240865,branch
Sova,семейное кафе-кондитерская,Кофейни,"улица Лесная, 23 к2",1 этаж,443110,,Октябрьский район,Самара,Самара городской округ,Самарская область,Россия,Пн: 11:00-24:00; Вт: 11:00-24:00; Ср: 11:00-24:00; Чт: 11:00-24:00; Пт: 11:00-24:00; Сб: 11:00-24:00; Вс: 11:00-24:00,+04:00,1.2,8,89270222474,89950980094,,,,,,,https://vk.com/sova_misscake,https://wa.me/79270222474,,,,,,,53.212908,50.124402,https://2gis.com/firm/70000001079701075,branch
Bonfix,кофейня,Кофейни,"улица Ленинская, 168",1 этаж,443041,,Ленинский район,Самара,Самара городской округ,Самарская область,Россия,Пн: 08:00-18:00; Вт: 08:00-18:00; Ср: 08:00-18:00; Чт: 08:00-18:00; Пт: 08:00-18:00,+04:00,4.0,12,,,,,,,,,,,,,,,,,53.195113,50.111601,https://2gis.com/firm/70000001038567254,branch
Apache coffee,кофейня,Кофейни; Продажа кофе,"улица Лесная, 23 к2",,443110,,Октябрьский район,Самара,Самара городской округ,Самарская область,Россия,Пн: 11:00-22:00; Вт: 11:00-22:00; Ср: 11:00-22:00; Чт: 11:00-22:00; Пт: 11:00-24:00; Сб: 11:00-24:00; Вс: 11:00-22:00,+04:00,,,,,,,,,,,,,,,,,,,53.212908,50.124402,https://2gis.com/firm/70000001069243391,branch
Brooklyn,кофейня самообслуживания,Кофейные автоматы,"проспект Степана Разина, 36а",1 этаж,445037,3а квартал м-н,Автозаводский район,Тольятти,Тольятти городской округ,Самарская область,Россия,Пн: 10:00-20:00; Вт: 10:00-20:00; Ср: 10:00-20:00; Чт: 10:00-20:00; Пт: 10:00-20:00; Сб: 10:00-20:00; Вс: 10:00-20:00,+04:00,4.3,3,89874536771,89198184197,,,,,,,,https://wa.me/79198184197,https://wa.me/79874536771,viber://chat/?number=79198184197,viber://chat/?number=79874536771,https://t.me/+79198184197,https://t.me/+79874536771,,53.516328,49.293396,https://2gis.com/firm/70000001054113982,branch
Seven,кофейня-ресторан,Рестораны; Доставка еды,"Молодогвардейская улица, 135",1 этаж,443001,,Ленинский район,Самара,Самара городской округ,Самарская область,Россия,Пн: 08:00-22:00; Вт: 08:00-22:00; Ср: 08:00-22:00; Чт: 08:00-22:00; Пт: 08:00-22:00; Сб: 08:00-22:00; Вс: 08:00-22:00,+04:00,3.8,103,88462016877,,,,,,,,,,,,,,,,53.199814,50.10621,https://2gis.com/firm/70000001037796770,branch
Wave Volga,кофейня,Кофейни,"Комзина, 1а",,445003,Портовый м-н,Центральный район,Тольятти,Тольятти городской округ,Самарская область,Россия,Пн: 08:00-23:00; Вт: 08:00-23:00; Ср: 08:00-23:00; Чт: 08:00-23:00; Пт: 08:00-24:00; Сб: 08:00-24:00; Вс: 08:00-23:00,+04:00,4.7,12,89277177743,,,,,,,,https://vk.com/wave.volga,,,,,,,,53.476063,49.349394,https://2gis.com/firm/70000001092454114,branch
Улитка,автокафе,Кофейни,"Комзина, 1/1 киоск",,445003,Портовый м-н,Центральный район,Тольятти,Тольятти городской округ,Самарская область,Россия,Пн: 07:00-24:00; Вт: 07:00-24:00; Ср: 07:00-24:00; Чт: 07:00-24:00; Пт: 07:00-24:00; Сб: 08:00-24:00; Вс: 08:00-24:00,+04:00,4.0,46,,,,,,,,,https://vk.com/ulitka_coffee,,,,,,,,53.475754,49.348671,https://2gis.com/firm/70000001033970029,branch
Лакруа,,Кофейни; Кондитерские изделия,"Революционная улица, 53 НП 1001",1 этаж,445057,,Автозаводский район,Тольятти,Тольятти городской округ,Самарская область,Россия,Пн: 09:00-21:00; Вт: 09:00-21:00; Ср: 09:00-21:00; Чт: 09:00-21:00; Пт: 09:00-21:00; Сб: 09:00-21:00; Вс: 09:00-21:00,+04:00,4.6,18,89170349030,,,,,,,,,https://wa.me/79170349030,,viber://chat/?number=79170349030,,https://t.me/+79170349030,,,53.50047,49.270251,https://2gis.com/firm/70000001075107474,branch
